-- phpMyAdmin SQL Dump
-- version 5.2.1
-- https://www.phpmyadmin.net/
--
-- Host: 127.0.0.1
-- Creato il: Mag 19, 2024 alle 20:42
-- Versione del server: 10.4.28-MariaDB
-- Versione PHP: 8.2.4

SET SQL_MODE = "NO_AUTO_VALUE_ON_ZERO";
START TRANSACTION;
SET time_zone = "+00:00";


/*!40101 SET @OLD_CHARACTER_SET_CLIENT=@@CHARACTER_SET_CLIENT */;
/*!40101 SET @OLD_CHARACTER_SET_RESULTS=@@CHARACTER_SET_RESULTS */;
/*!40101 SET @OLD_COLLATION_CONNECTION=@@COLLATION_CONNECTION */;
/*!40101 SET NAMES utf8mb4 */;

--
-- Database: `dbtesis`
--

-- --------------------------------------------------------

--
-- Struttura della tabella `page`
--

CREATE TABLE `page` (
  `id` int(11) NOT NULL,
  `name` varchar(30) NOT NULL,
  `cod_test` int(11) NOT NULL,
  `link` varchar(200) DEFAULT NULL,
  `image` varchar(200) DEFAULT NULL,
  `text` text DEFAULT NULL,
  `max_time` time NOT NULL
) ENGINE=InnoDB DEFAULT CHARSET=utf8mb4 COLLATE=utf8mb4_general_ci;

--
-- Dump dei dati per la tabella `page`
--

INSERT INTO `page` (`id`, `name`, `cod_test`, `link`, `image`, `text`, `max_time`) VALUES
(160, 'Spiegazione', 125, NULL, NULL, 'Questo è un test di UX Design.', '00:23:00'),
(161, 'Purple', 125, NULL, '15_125_161.jpg', NULL, '00:05:00'),
(162, 'Link Wiki', 125, 'https://it.wikipedia.org/wiki/User_experience_design', NULL, NULL, '00:04:00'),
(163, 'Food', 125, NULL, '15_125_163.png', NULL, '00:15:00'),
(164, 'Titolo', 126, NULL, NULL, 'Una selezione di paesaggi.', '00:10:00'),
(165, 'Il lago', 126, NULL, '15_126_165.jpg', NULL, '00:16:00'),
(169, 'Titolo', 139, NULL, NULL, 'Questo test non è attivo.', '00:15:00');

-- --------------------------------------------------------

--
-- Struttura della tabella `test`
--

CREATE TABLE `test` (
  `id` int(11) NOT NULL,
  `name` varchar(50) NOT NULL,
  `cod_creator` int(11) NOT NULL,
  `active` tinyint(1) NOT NULL
) ENGINE=InnoDB DEFAULT CHARSET=utf8mb4 COLLATE=utf8mb4_general_ci;

--
-- Dump dei dati per la tabella `test`
--

INSERT INTO `test` (`id`, `name`, `cod_creator`, `active`) VALUES
(125, 'UX Design', 15, 1),
(126, 'Landscapes', 15, 1),
(138, 'Test Vuoto', 15, 1),
(139, 'Test non attivo', 15, 0);

-- --------------------------------------------------------

--
-- Struttura della tabella `user`
--

CREATE TABLE `user` (
  `id` int(11) NOT NULL,
  `email` varchar(50) NOT NULL,
  `password` varchar(128) NOT NULL,
  `type` varchar(1) NOT NULL,
  `salt` varchar(128) NOT NULL
) ENGINE=InnoDB DEFAULT CHARSET=utf8mb4 COLLATE=utf8mb4_general_ci;

--
-- Dump dei dati per la tabella `user`
--

INSERT INTO `user` (`id`, `email`, `password`, `type`, `salt`) VALUES
(15, 'silvia@gmail.com', '75582c0917ce4ac8c0e4ab1bb7ce11ca9e8918fda02e22eaa9cf0588ed1449201825df0a264cbc26c177541f5be48e56b7c905da170375b4b2f3004514ddd808', 'C', '2ec6207126bb9963673ba4f9c88306d5ab70ad5623363af17f98c38ffbeb30d8283d4408d68e14cc29aa41e5e42754c35918ffa98ccf705bffeb2b288e65d642'),
(16, 'filippo@gmail.com', 'b2e16f9b93d645250a9c71051e8761f88398a7730c5b127ef82cc5378116d667d622253ff2ecae3432abd39fa5ef700b70f2834301d2e67a680e28d500340f5e', 'T', 'a603d5054de2c3c4ac8e3557922f4ab9b0431012dafaa733f3609e912d1a9c2e011f57c7e6d574d1116a06576bbb9ba7a39e2cedcdd380f27970aff48e47b28e'),
(17, 'simone@gmail.com', '5e7d45a057da81b5b0ebdae75208f66cbd64e1c71561338fc0066dcf79b760891eae5c2fd1105a7703f2fda541fceac3bc42070ef5da3f5f53287e401a6beae1', 'T', 'f696d7e2f0f8d1b32f091e944c1bf03c56b4884a8b7a22ba13f1bee6e5b26d65a3703e284bd629de94d29070cae22eba31c01b4ad63bf9b65feafe74dea46c5c'),
(18, 'sara@gmail.com', 'cbe36e0b289a247740a174e3c1d62945ce6239a58b87171ee9d4a346cad5c1628f4e9c449f3cb42b28ac6ee0090098ee83faedf76173a280fc6fb07540bbe5bb', 'C', 'e446384c49771397c921906ad91aa38ca55a974b9d557f47bb814712c1e1add046e1ff05011f0d25b8c3c54ac53be86354dbbece02b18da643c6735767f42e66');

-- --------------------------------------------------------

--
-- Struttura della tabella `webgazer_data`
--

CREATE TABLE `webgazer_data` (
  `instant` time(3) NOT NULL,
  `x` float NOT NULL,
  `y` float NOT NULL,
  `anonym_user_index` varchar(16) NOT NULL,
  `cod_page` int(11) NOT NULL
) ENGINE=InnoDB DEFAULT CHARSET=utf8mb4 COLLATE=utf8mb4_general_ci;

--
-- Dump dei dati per la tabella `webgazer_data`
--

INSERT INTO `webgazer_data` (`instant`, `x`, `y`, `anonym_user_index`, `cod_page`) VALUES
('20:05:28.440', 15.8654, 67.3721, '71572c23-2d88', 160),
('20:05:37.206', 31.935, 41.635, '71572c23-2d88', 161),
('20:05:37.314', 51.469, 35.6799, '71572c23-2d88', 161),
('20:05:37.413', 58.1208, 27.6318, '71572c23-2d88', 161),
('20:05:37.508', 65.36, 23.81, '71572c23-2d88', 161),
('20:05:37.608', 70.273, 16.9445, '71572c23-2d88', 161),
('20:05:37.709', 71.6808, 10.4203, '71572c23-2d88', 161),
('20:05:37.825', 69.6378, 7.60084, '71572c23-2d88', 161),
('20:05:37.922', 66.6316, 11.072, '71572c23-2d88', 161),
('20:05:38.029', 66.6939, 18.0702, '71572c23-2d88', 161),
('20:05:38.154', 64.575, 27.0181, '71572c23-2d88', 161),
('20:05:38.188', 63.8186, 33.7018, '71572c23-2d88', 161),
('20:05:38.274', 62.9239, 39.0099, '71572c23-2d88', 161),
('20:05:38.355', 62.295, 40.7247, '71572c23-2d88', 161),
('20:05:38.444', 61.1057, 42.4062, '71572c23-2d88', 161),
('20:05:38.531', 58.1466, 45.7616, '71572c23-2d88', 161),
('20:05:38.624', 47.6451, 50.1829, '71572c23-2d88', 161),
('20:05:38.725', 46.0499, 49.7447, '71572c23-2d88', 161),
('20:05:38.788', 44.0743, 48.2506, '71572c23-2d88', 161),
('20:05:38.885', 41.0712, 46.9114, '71572c23-2d88', 161),
('20:05:38.960', 40.1149, 46.3036, '71572c23-2d88', 161),
('20:05:39.053', 34.5934, 44.3059, '71572c23-2d88', 161),
('20:05:39.131', 36.9722, 44.5266, '71572c23-2d88', 161),
('20:05:39.227', 40.9692, 45.2647, '71572c23-2d88', 161),
('20:05:39.310', 44.4275, 46.5223, '71572c23-2d88', 161),
('20:05:39.379', 46.6127, 48.1121, '71572c23-2d88', 161),
('20:05:39.474', 43.9234, 46.7008, '71572c23-2d88', 161),
('20:05:39.565', 47.9393, 41.2018, '71572c23-2d88', 161),
('20:05:39.659', 48.6167, 31.5685, '71572c23-2d88', 161),
('20:05:39.746', 54.0663, 26.1912, '71572c23-2d88', 161),
('20:05:39.844', 54.1718, 24.303, '71572c23-2d88', 161),
('20:05:39.946', 58.0692, 16.5591, '71572c23-2d88', 161),
('20:05:40.019', 59.7731, 10.4954, '71572c23-2d88', 161),
('20:05:40.980', 65.9863, 9.86839, '71572c23-2d88', 162),
('20:05:41.056', 61.4617, 16.3011, '71572c23-2d88', 162),
('20:05:41.139', 59.4308, 25.7534, '71572c23-2d88', 162),
('20:05:41.197', 60.3856, 32.0448, '71572c23-2d88', 162),
('20:05:41.281', 60.5685, 31.6397, '71572c23-2d88', 162),
('20:05:41.342', 59.9193, 44.4293, '71572c23-2d88', 162),
('20:05:41.425', 64.2334, 48.0824, '71572c23-2d88', 162),
('20:05:41.490', 65.6577, 55.4786, '71572c23-2d88', 162),
('20:05:41.573', 69.5824, 52.9656, '71572c23-2d88', 162),
('20:05:41.653', 72.2339, 48.5841, '71572c23-2d88', 162),
('20:05:41.719', 70.2978, 53.2158, '71572c23-2d88', 162),
('20:05:41.782', 68.5361, 56.7389, '71572c23-2d88', 162),
('20:05:41.884', 66.0188, 51.9727, '71572c23-2d88', 162),
('20:05:41.946', 63.8532, 47.4965, '71572c23-2d88', 162),
('20:05:42.031', 62.9361, 25.7164, '71572c23-2d88', 162),
('20:05:42.091', 65.4313, 8.72556, '71572c23-2d88', 162),
('20:05:42.578', 65.5007, 7.03186, '71572c23-2d88', 163),
('20:05:42.696', 63.6346, 8.11203, '71572c23-2d88', 163),
('20:05:42.700', 64.3086, 8.02285, '71572c23-2d88', 163),
('20:05:42.817', 68.5405, 8.54341, '71572c23-2d88', 163),
('20:05:42.942', 74.0416, 7.14065, '71572c23-2d88', 163),
('20:05:42.958', 72.4158, 7.23426, '71572c23-2d88', 163),
('20:05:43.025', 79.1312, 7.5937, '71572c23-2d88', 163),
('20:05:43.142', 81.9227, 11.8617, '71572c23-2d88', 163),
('20:05:43.146', 80.191, 10.9176, '71572c23-2d88', 163),
('20:05:43.234', 76.879, 17.0795, '71572c23-2d88', 163),
('20:05:43.370', 75.1945, 21.1146, '71572c23-2d88', 163),
('20:05:43.374', 77.1461, 24.1108, '71572c23-2d88', 163),
('20:05:43.450', 74.3736, 26.5491, '71572c23-2d88', 163),
('20:05:43.575', 74.7675, 27.485, '71572c23-2d88', 163),
('20:05:43.578', 74.9289, 27.098, '71572c23-2d88', 163),
('20:05:43.672', 74.7417, 28.0126, '71572c23-2d88', 163),
('20:05:43.793', 74.8454, 29.697, '71572c23-2d88', 163),
('20:05:43.797', 73.7894, 29.0746, '71572c23-2d88', 163),
('20:05:43.890', 70.8352, 35.9852, '71572c23-2d88', 163),
('20:05:44.034', 70.3613, 38.7628, '71572c23-2d88', 163),
('20:05:44.039', 71.6205, 37.0008, '71572c23-2d88', 163),
('20:05:44.111', 55.8703, 40.6434, '71572c23-2d88', 163),
('20:05:44.238', 43.0238, 41.8364, '71572c23-2d88', 163),
('20:05:44.267', 37.0763, 41.8433, '71572c23-2d88', 163),
('20:05:44.344', 41.3162, 37.3029, '71572c23-2d88', 163),
('20:05:44.484', 36.8322, 37.3956, '71572c23-2d88', 163),
('20:05:44.499', 39.946, 36.9503, '71572c23-2d88', 163),
('20:05:44.618', 23.2561, 31.7443, '71572c23-2d88', 163),
('20:05:44.764', 30.1887, 21.364, '71572c23-2d88', 163),
('20:05:44.767', 26.4249, 28.4201, '71572c23-2d88', 163),
('20:05:44.844', 30.5217, 17.4762, '71572c23-2d88', 163),
('20:05:44.960', 34.8475, 13.8739, '71572c23-2d88', 163),
('20:05:44.964', 32.5333, 15.8708, '71572c23-2d88', 163),
('20:05:45.063', 43.663, 15.2382, '71572c23-2d88', 163),
('20:05:45.201', 54.7768, 22.7568, '71572c23-2d88', 163),
('20:05:45.203', 48.9251, 18.6525, '71572c23-2d88', 163),
('20:05:45.310', 64.5677, 21.8768, '71572c23-2d88', 163),
('20:05:45.451', 73.0194, 23.0038, '71572c23-2d88', 163),
('20:05:45.455', 79.4131, 23.1418, '71572c23-2d88', 163),
('20:05:45.552', 84.7579, 19.9649, '71572c23-2d88', 163),
('20:05:45.710', 83.8556, 20.2267, '71572c23-2d88', 163),
('20:05:45.713', 82.4447, 21.1682, '71572c23-2d88', 163),
('20:05:45.805', 72.326, 26.1393, '71572c23-2d88', 163),
('20:05:45.931', 49.4785, 28.9596, '71572c23-2d88', 163),
('20:05:45.936', 59.7099, 28.684, '71572c23-2d88', 163),
('20:05:46.025', 45.3448, 27.1709, '71572c23-2d88', 163),
('20:05:46.146', 29.0935, 23.5592, '71572c23-2d88', 163),
('20:05:46.149', 34.0322, 24.9756, '71572c23-2d88', 163),
('20:05:46.239', 29.6669, 45.0184, '71572c23-2d88', 163),
('20:05:46.360', 34.1697, 43.7297, '71572c23-2d88', 163),
('20:05:46.364', 34.6108, 41.6848, '71572c23-2d88', 163),
('20:05:46.454', 33.1965, 61.7401, '71572c23-2d88', 163),
('20:05:46.602', 32.1605, 65.5848, '71572c23-2d88', 163),
('20:05:46.606', 32.9371, 62.7076, '71572c23-2d88', 163),
('20:05:46.671', 29.2384, 69.376, '71572c23-2d88', 163),
('20:05:46.764', 26.2625, 72.4564, '71572c23-2d88', 163),
('20:05:46.893', 27.2271, 97.4105, '71572c23-2d88', 163),
('20:05:46.897', 23.6592, 94.9897, '71572c23-2d88', 163),
('20:05:46.975', 25.5698, 87.6547, '71572c23-2d88', 163),
('20:05:47.135', 39.7262, 86.3017, '71572c23-2d88', 163),
('20:05:47.138', 32.9454, 85.2133, '71572c23-2d88', 163),
('20:05:47.218', 35.6369, 85.0785, '71572c23-2d88', 163),
('20:05:47.342', 33.4424, 87.6748, '71572c23-2d88', 163),
('20:05:47.473', 30.9138, 87.7906, '71572c23-2d88', 163),
('20:05:47.476', 32.0722, 87.7379, '71572c23-2d88', 163),
('20:05:47.582', 27.2141, 24.0372, '71572c23-2d88', 163),
('20:05:47.718', 24.5605, 15.858, '71572c23-2d88', 163),
('20:05:47.721', 26.1707, 20.1736, '71572c23-2d88', 163),
('20:05:47.802', 30.89, 12.4334, '71572c23-2d88', 163),
('20:05:47.930', 31.7038, 11.7779, '71572c23-2d88', 163),
('20:05:47.935', 26.864, 12.1721, '71572c23-2d88', 163),
('20:05:48.018', 45.8581, 8.05577, '71572c23-2d88', 163),
('20:05:48.182', 63.3019, 6.87879, '71572c23-2d88', 163),
('20:05:48.186', 77.039, 5.81342, '71572c23-2d88', 163),
('20:05:48.317', 92.5832, 3.35912, '71572c23-2d88', 163),
('20:05:48.515', 99.1021, 3.22949, '71572c23-2d88', 163),
('20:05:49.016', 95.4278, 4.89169, '71572c23-2d88', 163),
('20:05:49.106', 94.4357, 1.72768, '71572c23-2d88', 163),
('20:05:49.274', 82.1588, 2.04507, '71572c23-2d88', 163),
('20:05:49.277', 66.6283, 2.829, '71572c23-2d88', 163),
('20:09:15.755', 24.686, 87.7078, 'c11ad26c-7f78', 160),
('20:09:25.368', 34.5877, 41.8774, 'c11ad26c-7f78', 161),
('20:09:25.476', 38.2917, 36.8713, 'c11ad26c-7f78', 161),
('20:09:25.577', 38.6425, 29.8952, 'c11ad26c-7f78', 161),
('20:09:25.700', 44.5506, 27.538, 'c11ad26c-7f78', 161),
('20:09:25.819', 49.9855, 25.4365, 'c11ad26c-7f78', 161),
('20:09:25.912', 50.871, 21.3607, 'c11ad26c-7f78', 161),
('20:09:26.037', 54.4078, 20.7473, 'c11ad26c-7f78', 161),
('20:09:26.148', 57.6453, 20.5558, 'c11ad26c-7f78', 161),
('20:09:26.250', 61.2827, 18.4478, 'c11ad26c-7f78', 161),
('20:09:26.360', 63.4526, 19.7956, 'c11ad26c-7f78', 161),
('20:09:26.453', 64.688, 20.6584, 'c11ad26c-7f78', 161),
('20:09:26.558', 55.7808, 29.4938, 'c11ad26c-7f78', 161),
('20:09:26.660', 52.3225, 32.7101, 'c11ad26c-7f78', 161),
('20:09:26.763', 48.7532, 31.4948, 'c11ad26c-7f78', 161),
('20:09:26.882', 50.9241, 29.5265, 'c11ad26c-7f78', 161),
('20:09:26.987', 45.6075, 25.9222, 'c11ad26c-7f78', 161),
('20:09:27.108', 46.6402, 23.4652, 'c11ad26c-7f78', 161),
('20:09:27.216', 42.7873, 23.3331, 'c11ad26c-7f78', 161),
('20:09:27.311', 45.2955, 22.4055, 'c11ad26c-7f78', 161),
('20:09:27.403', 46.3235, 17.496, 'c11ad26c-7f78', 161),
('20:09:27.510', 49.703, 17.3143, 'c11ad26c-7f78', 161),
('20:09:27.610', 46.0882, 26.6284, 'c11ad26c-7f78', 161),
('20:09:27.731', 46.9429, 27.0059, 'c11ad26c-7f78', 161),
('20:09:27.817', 52.5034, 26.4305, 'c11ad26c-7f78', 161),
('20:09:27.934', 48.9275, 27.2338, 'c11ad26c-7f78', 161),
('20:09:28.027', 48.1198, 28.0674, 'c11ad26c-7f78', 161),
('20:09:28.128', 49.4811, 23.5893, 'c11ad26c-7f78', 161),
('20:09:28.232', 55.9249, 18.6804, 'c11ad26c-7f78', 161),
('20:09:28.341', 65.5166, 16.0365, 'c11ad26c-7f78', 161),
('20:09:28.478', 71.728, 11.9979, 'c11ad26c-7f78', 161),
('20:09:28.559', 77.8372, 17.2521, 'c11ad26c-7f78', 161),
('20:09:28.664', 79.7143, 22.7561, 'c11ad26c-7f78', 161),
('20:09:28.762', 82.8274, 29.6937, 'c11ad26c-7f78', 161),
('20:09:28.860', 86.4692, 27.5784, 'c11ad26c-7f78', 161),
('20:09:28.963', 90.8879, 24.9397, 'c11ad26c-7f78', 161),
('20:09:29.063', 96.4224, 20.5239, 'c11ad26c-7f78', 161),
('20:09:29.165', 96.1645, 18.1046, 'c11ad26c-7f78', 161),
('20:09:29.289', 85.3916, 18.6975, 'c11ad26c-7f78', 161),
('20:09:29.382', 78.7282, 21.4209, 'c11ad26c-7f78', 161),
('20:09:29.482', 65.6774, 22.0717, 'c11ad26c-7f78', 161),
('20:09:29.625', 62.4179, 32.9187, 'c11ad26c-7f78', 162),
('20:09:29.719', 59.4779, 30.6892, 'c11ad26c-7f78', 162),
('20:09:29.842', 59.9155, 28.2931, 'c11ad26c-7f78', 162),
('20:09:29.924', 58.1934, 25.1286, 'c11ad26c-7f78', 162),
('20:09:30.045', 54.1119, 25.8765, 'c11ad26c-7f78', 162),
('20:09:30.155', 46.3861, 27.7159, 'c11ad26c-7f78', 162),
('20:09:30.239', 50.4756, 25.4706, 'c11ad26c-7f78', 162),
('20:09:30.346', 52.9452, 26.6006, 'c11ad26c-7f78', 162),
('20:09:30.427', 56.5923, 30.9764, 'c11ad26c-7f78', 162),
('20:09:30.541', 58.5243, 34.7599, 'c11ad26c-7f78', 162),
('20:09:30.622', 61.7434, 31.627, 'c11ad26c-7f78', 162),
('20:09:30.736', 61.1245, 31.3709, 'c11ad26c-7f78', 162),
('20:09:30.819', 63.7801, 30.1336, 'c11ad26c-7f78', 162),
('20:09:30.931', 60.8349, 29.5966, 'c11ad26c-7f78', 162),
('20:09:31.013', 53.9393, 24.0901, 'c11ad26c-7f78', 162),
('20:09:31.144', 49.9474, 26.6319, 'c11ad26c-7f78', 162),
('20:09:31.229', 46.292, 25.7167, 'c11ad26c-7f78', 162),
('20:09:31.331', 41.3716, 25.8625, 'c11ad26c-7f78', 162),
('20:09:31.440', 50.0497, 22.9895, 'c11ad26c-7f78', 162),
('20:09:31.509', 63.3714, 16.9278, 'c11ad26c-7f78', 162),
('20:09:31.619', 77.5925, 12.0384, 'c11ad26c-7f78', 162),
('20:09:31.702', 87.0601, 6.35752, 'c11ad26c-7f78', 162),
('20:09:31.815', 99.2917, 8.26602, 'c11ad26c-7f78', 162),
('20:09:32.008', 95.0857, 9.20522, 'c11ad26c-7f78', 162),
('20:09:32.089', 89.7197, 14.2067, 'c11ad26c-7f78', 162),
('20:09:32.188', 73.8902, 16.8354, 'c11ad26c-7f78', 162),
('20:09:32.271', 60.0636, 19.9191, 'c11ad26c-7f78', 162),
('20:09:32.408', 55.8231, 19.2827, 'c11ad26c-7f78', 162),
('20:09:32.524', 48.1274, 35.2094, 'c11ad26c-7f78', 162),
('20:09:32.604', 38.4743, 36.3854, 'c11ad26c-7f78', 162),
('20:09:32.723', 39.1992, 32.1376, 'c11ad26c-7f78', 162),
('20:09:32.820', 40.6173, 30.6838, 'c11ad26c-7f78', 162),
('20:09:32.956', 40.2174, 28.6215, 'c11ad26c-7f78', 162),
('20:09:33.131', 43.0574, 24.3901, 'c11ad26c-7f78', 162),
('20:09:33.290', 49.2893, 22.6457, 'c11ad26c-7f78', 162),
('20:09:33.439', 43.3177, 31.6093, 'c11ad26c-7f78', 162),
('20:09:33.576', 43.0924, 31.9809, 'c11ad26c-7f78', 162),
('20:09:33.722', 42.9702, 31.0888, 'c11ad26c-7f78', 162),
('20:09:33.829', 43.1545, 37.0784, 'c11ad26c-7f78', 162),
('20:09:33.914', 45.4554, 39.1711, 'c11ad26c-7f78', 162),
('20:09:34.046', 43.4177, 42.2699, 'c11ad26c-7f78', 162),
('20:09:34.128', 40.2964, 49.4433, 'c11ad26c-7f78', 162),
('20:09:34.231', 38.5484, 48.4873, 'c11ad26c-7f78', 162),
('20:09:34.313', 37.1751, 47.3828, 'c11ad26c-7f78', 162),
('20:09:34.422', 37.0018, 47.7401, 'c11ad26c-7f78', 162),
('20:09:34.525', 36.984, 45.5526, 'c11ad26c-7f78', 162),
('20:09:34.638', 32.2423, 52.1789, 'c11ad26c-7f78', 162),
('20:09:34.756', 35.0893, 46.4539, 'c11ad26c-7f78', 162),
('20:09:34.842', 36.5125, 39.1237, 'c11ad26c-7f78', 162),
('20:09:34.972', 31.3704, 43.9995, 'c11ad26c-7f78', 162),
('20:09:35.056', 30.5267, 48.6476, 'c11ad26c-7f78', 162),
('20:09:35.157', 28.509, 53.2714, 'c11ad26c-7f78', 162),
('20:09:35.240', 27.9754, 56.7522, 'c11ad26c-7f78', 162),
('20:09:35.371', 25.9072, 63.0831, 'c11ad26c-7f78', 162),
('20:09:35.478', 17.9386, 79.7033, 'c11ad26c-7f78', 162),
('20:09:35.563', 16.1817, 89.1044, 'c11ad26c-7f78', 162),
('20:09:35.672', 20.0911, 83.9227, 'c11ad26c-7f78', 162),
('20:09:35.754', 24.0541, 82.8504, 'c11ad26c-7f78', 162),
('20:09:35.874', 27.0727, 71.4814, 'c11ad26c-7f78', 162),
('20:09:35.954', 31.5342, 58.4685, 'c11ad26c-7f78', 162),
('20:09:36.064', 31.7783, 45.4802, 'c11ad26c-7f78', 162),
('20:09:36.146', 23.8298, 47.1082, 'c11ad26c-7f78', 162),
('20:09:36.252', 35.3533, 48.6136, 'c11ad26c-7f78', 162),
('20:09:36.334', 44.9334, 53.8207, 'c11ad26c-7f78', 162),
('20:09:36.470', 51.1217, 58.4429, 'c11ad26c-7f78', 162),
('20:09:36.547', 55.7841, 68.5611, 'c11ad26c-7f78', 162),
('20:09:36.668', 80.5898, 62.0473, 'c11ad26c-7f78', 162),
('20:09:36.750', 91.4281, 55.4118, 'c11ad26c-7f78', 162),
('20:09:36.866', 96.7591, 52.041, 'c11ad26c-7f78', 162),
('20:09:37.389', 98.7267, 13.4668, 'c11ad26c-7f78', 162),
('20:09:37.466', 89.4334, 8.94414, 'c11ad26c-7f78', 162),
('20:09:37.568', 78.7926, 7.87608, 'c11ad26c-7f78', 162),
('20:09:37.663', 65.2426, 4.32528, 'c11ad26c-7f78', 162),
('20:09:37.747', 57.8259, 7.98454, 'c11ad26c-7f78', 162),
('20:09:37.891', 59.9214, 0.906717, 'c11ad26c-7f78', 163),
('20:09:38.051', 55.0381, 1.08012, 'c11ad26c-7f78', 163),
('20:09:38.331', 54.0527, 3.24393, 'c11ad26c-7f78', 163),
('20:09:38.460', 53.2887, 11.4143, 'c11ad26c-7f78', 163),
('20:09:38.649', 52.3193, 16.9017, 'c11ad26c-7f78', 163),
('20:09:38.655', 48.7214, 22.9682, 'c11ad26c-7f78', 163),
('20:09:38.767', 52.3241, 24.446, 'c11ad26c-7f78', 163),
('20:09:38.932', 52.8224, 25.7398, 'c11ad26c-7f78', 163),
('20:09:38.937', 53.0231, 28.1622, 'c11ad26c-7f78', 163),
('20:09:39.044', 60.626, 23.3131, 'c11ad26c-7f78', 163),
('20:09:39.217', 63.0078, 13.3911, 'c11ad26c-7f78', 163),
('20:09:39.222', 60.6321, 18.6194, 'c11ad26c-7f78', 163),
('20:09:39.300', 66.2244, 12.3633, 'c11ad26c-7f78', 163),
('20:09:39.426', 64.3284, 39.0723, 'c11ad26c-7f78', 163),
('20:09:39.617', 60.6339, 74.666, 'c11ad26c-7f78', 163),
('20:09:39.620', 56.2681, 74.624, 'c11ad26c-7f78', 163),
('20:09:39.713', 51.8857, 75.4211, 'c11ad26c-7f78', 163),
('20:09:39.842', 57.6116, 74.1331, 'c11ad26c-7f78', 163),
('20:09:40.014', 64.1574, 75.531, 'c11ad26c-7f78', 163),
('20:09:40.019', 61.2692, 74.7918, 'c11ad26c-7f78', 163),
('20:09:40.150', 62.8335, 69.6534, 'c11ad26c-7f78', 163),
('20:09:40.365', 62.502, 69.3612, 'c11ad26c-7f78', 163),
('20:09:40.381', 64.5326, 70.4618, 'c11ad26c-7f78', 163),
('20:09:40.506', 64.4353, 52.3578, 'c11ad26c-7f78', 163),
('20:09:40.675', 62.6039, 8.43606, 'c11ad26c-7f78', 163),
('20:09:40.680', 62.1222, 7.19715, 'c11ad26c-7f78', 163),
('20:09:40.784', 61.9017, 5.63498, 'c11ad26c-7f78', 163),
('20:09:40.967', 60.9357, 1.21191, 'c11ad26c-7f78', 163),
('20:09:40.971', 59.4619, 2.90161, 'c11ad26c-7f78', 163),
('20:09:41.078', 61.9371, 1.23152, 'c11ad26c-7f78', 163),
('20:09:42.999', 76.2057, 1.94067, 'c11ad26c-7f78', 163),
('20:11:56.421', 25.5253, 44.1233, 'b4b425c2-84ec', 165),
('20:11:56.536', 30.5869, 36.6337, 'b4b425c2-84ec', 165),
('20:11:56.663', 33.5407, 28.6445, 'b4b425c2-84ec', 165),
('20:11:56.751', 31.8172, 21.8979, 'b4b425c2-84ec', 165),
('20:11:56.882', 31.5607, 17.9944, 'b4b425c2-84ec', 165),
('20:11:56.960', 34.0994, 16.1681, 'b4b425c2-84ec', 165),
('20:11:57.082', 44.4214, 12.8373, 'b4b425c2-84ec', 165),
('20:11:57.176', 53.3074, 6.43313, 'b4b425c2-84ec', 165),
('20:11:57.280', 57.7311, 2.09632, 'b4b425c2-84ec', 165),
('20:11:57.402', 65.0783, 3.30808, 'b4b425c2-84ec', 165),
('20:11:57.515', 65.3444, 5.20682, 'b4b425c2-84ec', 165),
('20:11:57.616', 68.3417, 12.3844, 'b4b425c2-84ec', 165),
('20:11:57.720', 71.9269, 20.7068, 'b4b425c2-84ec', 165),
('20:11:57.831', 76.8623, 24.4952, 'b4b425c2-84ec', 165),
('20:11:57.955', 83.373, 23.937, 'b4b425c2-84ec', 165),
('20:11:58.085', 78.6132, 47.368, 'b4b425c2-84ec', 165),
('20:11:58.185', 73.142, 64.1761, 'b4b425c2-84ec', 165),
('20:11:58.304', 73.4241, 59.5472, 'b4b425c2-84ec', 165),
('20:11:58.403', 63.1851, 62.3112, 'b4b425c2-84ec', 165),
('20:11:58.514', 55.0493, 63.0661, 'b4b425c2-84ec', 165),
('20:11:58.608', 50.0978, 61.7195, 'b4b425c2-84ec', 165),
('20:11:58.717', 43.8693, 62.9326, 'b4b425c2-84ec', 165),
('20:11:58.825', 47.8948, 63.1894, 'b4b425c2-84ec', 165),
('20:11:58.938', 54.2087, 63.1855, 'b4b425c2-84ec', 165),
('20:11:59.057', 60.3821, 25.3009, 'b4b425c2-84ec', 165),
('20:11:59.163', 61.4308, 26.4487, 'b4b425c2-84ec', 165),
('20:11:59.272', 58.3021, 23.0864, 'b4b425c2-84ec', 165),
('20:11:59.383', 55.3686, 19.7719, 'b4b425c2-84ec', 165),
('20:11:59.505', 46.9032, 15.5248, 'b4b425c2-84ec', 165),
('20:11:59.620', 39.3582, 12.3448, 'b4b425c2-84ec', 165),
('20:11:59.717', 40.328, 11.6778, 'b4b425c2-84ec', 165),
('20:11:59.822', 30.5636, 10.9926, 'b4b425c2-84ec', 165),
('20:11:59.946', 30.7166, 13.5178, 'b4b425c2-84ec', 165),
('20:12:00.058', 31.7671, 14.04, 'b4b425c2-84ec', 165),
('20:12:00.163', 39.7827, 10.0316, 'b4b425c2-84ec', 165),
('20:12:00.269', 45.2887, 11.157, 'b4b425c2-84ec', 165),
('20:12:00.383', 49.5016, 12.0887, 'b4b425c2-84ec', 165),
('20:12:00.502', 60.3828, 13.0032, 'b4b425c2-84ec', 165),
('20:12:00.594', 63.8526, 15.1033, 'b4b425c2-84ec', 165),
('20:12:00.724', 70.1302, 14.2485, 'b4b425c2-84ec', 165),
('20:12:00.830', 75.1079, 15.723, 'b4b425c2-84ec', 165),
('20:12:00.921', 74.4943, 12.6182, 'b4b425c2-84ec', 165),
('20:12:01.057', 68.4625, 13.9729, 'b4b425c2-84ec', 165),
('20:12:01.164', 61.9398, 16.0693, 'b4b425c2-84ec', 165),
('20:12:01.267', 51.0859, 17.4114, 'b4b425c2-84ec', 165),
('20:12:01.383', 49.1855, 14.6837, 'b4b425c2-84ec', 165),
('20:12:01.508', 52.6497, 16.151, 'b4b425c2-84ec', 165),
('20:12:01.599', 65.4662, 15.0532, 'b4b425c2-84ec', 165),
('20:12:01.709', 74.9521, 12.9239, 'b4b425c2-84ec', 165),
('20:12:01.815', 79.8342, 8.79126, 'b4b425c2-84ec', 165),
('20:12:01.934', 84.0936, 7.03677, 'b4b425c2-84ec', 165),
('20:12:02.052', 77.8563, 4.18452, 'b4b425c2-84ec', 165),
('20:12:02.161', 77.7964, 3.31032, 'b4b425c2-84ec', 165),
('20:12:02.267', 78.1221, 1.3822, 'b4b425c2-84ec', 165),
('20:12:02.373', 74.2098, 3.17003, 'b4b425c2-84ec', 165),
('20:12:02.475', 66.1307, 4.21377, 'b4b425c2-84ec', 165),
('20:12:02.574', 57.9063, 7.07727, 'b4b425c2-84ec', 165),
('20:12:02.678', 49.6519, 9.88948, 'b4b425c2-84ec', 165),
('20:12:02.803', 40.3657, 10.3294, 'b4b425c2-84ec', 165),
('20:12:02.883', 34.1501, 11.1571, 'b4b425c2-84ec', 165),
('20:12:03.006', 29.2812, 14.6622, 'b4b425c2-84ec', 165),
('20:12:03.091', 25.6141, 16.8865, 'b4b425c2-84ec', 165),
('20:12:03.197', 25.9459, 16.8744, 'b4b425c2-84ec', 165),
('20:12:03.299', 26.1681, 21.15, 'b4b425c2-84ec', 165),
('20:12:03.410', 21.1618, 19.4598, 'b4b425c2-84ec', 165),
('20:12:03.516', 20.0494, 18.7224, 'b4b425c2-84ec', 165),
('20:12:03.625', 18.8522, 17.9869, 'b4b425c2-84ec', 165),
('20:12:03.727', 16.1404, 16.499, 'b4b425c2-84ec', 165),
('20:12:03.836', 18.1129, 16.7708, 'b4b425c2-84ec', 165),
('20:12:03.942', 20.6727, 17.4239, 'b4b425c2-84ec', 165),
('20:12:04.060', 19.435, 18.0082, 'b4b425c2-84ec', 165),
('20:12:04.153', 23.0368, 19.179, 'b4b425c2-84ec', 165),
('20:12:04.271', 22.8129, 19.0684, 'b4b425c2-84ec', 165),
('20:12:04.383', 21.6717, 19.0025, 'b4b425c2-84ec', 165),
('20:12:04.484', 21.6829, 19.5842, 'b4b425c2-84ec', 165),
('20:12:04.571', 22.9762, 15.8959, 'b4b425c2-84ec', 165),
('20:12:04.676', 22.2284, 19.2204, 'b4b425c2-84ec', 165),
('20:12:04.802', 24.9964, 22.3375, 'b4b425c2-84ec', 165),
('20:12:04.916', 29.7157, 24.8519, 'b4b425c2-84ec', 165),
('20:12:05.016', 31.6695, 24.7445, 'b4b425c2-84ec', 165),
('20:12:05.114', 34.47, 22.1687, 'b4b425c2-84ec', 165),
('20:12:05.225', 48.8598, 22.0801, 'b4b425c2-84ec', 165),
('20:12:05.329', 58.7536, 23.1977, 'b4b425c2-84ec', 165),
('20:12:05.437', 66.5412, 20.3104, 'b4b425c2-84ec', 165),
('20:12:05.555', 73.0778, 22.4593, 'b4b425c2-84ec', 165),
('20:12:05.662', 73.9649, 22.1333, 'b4b425c2-84ec', 165),
('20:12:05.778', 68.1511, 20.6306, 'b4b425c2-84ec', 165),
('20:12:05.889', 60.7413, 19.3113, 'b4b425c2-84ec', 165),
('20:12:06.023', 56.0577, 17.3145, 'b4b425c2-84ec', 165),
('20:12:06.110', 61.7877, 15.4671, 'b4b425c2-84ec', 165),
('20:12:06.230', 64.3317, 11.6615, 'b4b425c2-84ec', 165),
('20:12:06.332', 72.7366, 6.5526, 'b4b425c2-84ec', 165),
('20:12:06.440', 79.8769, 1.53589, 'b4b425c2-84ec', 165),
('20:12:06.547', 80.4571, 0.291021, 'b4b425c2-84ec', 165),
('20:12:06.658', 68.2316, 4.3947, 'b4b425c2-84ec', 165),
('20:12:06.761', 60.2193, 6.32047, 'b4b425c2-84ec', 165),
('20:12:06.866', 54.2422, 7.64637, 'b4b425c2-84ec', 165),
('20:20:04.900', 31.5566, 40.2719, '38678745-debb', 161),
('20:20:05.003', 39.4837, 31.5884, '38678745-debb', 161),
('20:20:05.109', 47.9313, 19.0199, '38678745-debb', 161),
('20:20:05.212', 55.3159, 15.424, '38678745-debb', 161),
('20:20:05.321', 65.4243, 9.76915, '38678745-debb', 161),
('20:20:05.426', 65.2527, 8.9223, '38678745-debb', 161),
('20:20:05.540', 60.188, 17.4695, '38678745-debb', 161),
('20:20:05.642', 58.1364, 23.3413, '38678745-debb', 161),
('20:20:05.749', 57.4513, 26.9381, '38678745-debb', 161),
('20:20:05.849', 63.7567, 28.7801, '38678745-debb', 161),
('20:20:05.953', 68.8517, 28.9814, '38678745-debb', 161),
('20:20:06.061', 68.1254, 29.3529, '38678745-debb', 161),
('20:20:06.165', 74.6656, 25.031, '38678745-debb', 161),
('20:20:06.272', 72.5944, 19.6264, '38678745-debb', 161),
('20:20:06.382', 76.8656, 17.1118, '38678745-debb', 161),
('20:20:06.493', 72.4502, 14.5644, '38678745-debb', 161),
('20:20:06.602', 70.6803, 11.2397, '38678745-debb', 161),
('20:20:06.709', 74.6372, 14.5071, '38678745-debb', 161),
('20:20:06.955', 80.7733, 13.4871, '38678745-debb', 161),
('20:20:07.056', 81.3727, 41.9494, '38678745-debb', 161),
('20:20:07.169', 79.3974, 70.5741, '38678745-debb', 161),
('20:20:07.276', 70.0811, 77.3424, '38678745-debb', 161),
('20:20:07.397', 62.3748, 86.885, '38678745-debb', 161),
('20:20:07.511', 59.7835, 55.7214, '38678745-debb', 161),
('20:20:07.615', 64.9065, 37.5685, '38678745-debb', 161),
('20:20:07.723', 66.5077, 29.5821, '38678745-debb', 161),
('20:20:07.826', 68.6364, 21.721, '38678745-debb', 161),
('20:20:07.950', 70.1479, 15.8996, '38678745-debb', 161),
('20:20:08.060', 74.541, 8.26265, '38678745-debb', 161),
('20:20:08.173', 83.0231, 6.39229, '38678745-debb', 161),
('20:20:08.291', 84.5387, 4.73217, '38678745-debb', 161),
('20:20:08.415', 89.1435, 3.05439, '38678745-debb', 161),
('20:20:08.641', 94.3514, 0.650294, '38678745-debb', 161),
('20:20:08.856', 92.3521, 0.0686503, '38678745-debb', 161),
('20:20:08.972', 85.5523, 1.45706, '38678745-debb', 161),
('20:20:09.089', 78.5159, 2.51695, '38678745-debb', 161),
('20:20:09.201', 72.275, 4.63943, '38678745-debb', 161),
('20:20:09.352', 66.568, 9.00468, '38678745-debb', 162),
('20:20:09.432', 62.8373, 13.7244, '38678745-debb', 162),
('20:20:09.564', 58.5543, 21.2005, '38678745-debb', 162),
('20:20:09.670', 55.4456, 24.342, '38678745-debb', 162),
('20:20:09.760', 55.2912, 32.3503, '38678745-debb', 162),
('20:20:09.875', 55.4733, 28.1219, '38678745-debb', 162),
('20:20:09.979', 59.2703, 26.4812, '38678745-debb', 162),
('20:20:10.110', 60.8655, 22.281, '38678745-debb', 162),
('20:20:10.208', 58.3606, 17.09, '38678745-debb', 162),
('20:20:10.290', 61.3212, 8.57366, '38678745-debb', 162),
('20:20:10.406', 58.5129, 9.83272, '38678745-debb', 162),
('20:20:10.492', 57.2086, 10.6869, '38678745-debb', 162),
('20:20:10.601', 50.5445, 16.8364, '38678745-debb', 162),
('20:20:10.682', 50.5623, 20.6331, '38678745-debb', 162),
('20:20:10.809', 49.7475, 22.7613, '38678745-debb', 162),
('20:20:10.896', 45.4692, 25.1704, '38678745-debb', 162),
('20:20:11.025', 43.501, 31.4967, '38678745-debb', 162),
('20:20:11.157', 42.7281, 39.0504, '38678745-debb', 162),
('20:20:11.258', 38.8504, 42.1409, '38678745-debb', 162),
('20:20:11.340', 35.7576, 46.5801, '38678745-debb', 162),
('20:20:11.460', 32.6367, 58.3468, '38678745-debb', 162),
('20:20:11.547', 31.8789, 66.2454, '38678745-debb', 162),
('20:20:11.659', 27.6764, 67.5474, '38678745-debb', 162),
('20:20:11.743', 26.892, 68.2851, '38678745-debb', 162),
('20:20:11.863', 25.2154, 70.7266, '38678745-debb', 162),
('20:20:11.944', 24.1333, 67.8143, '38678745-debb', 162),
('20:20:12.055', 24.8945, 67.8701, '38678745-debb', 162),
('20:20:12.139', 28.0066, 69.6111, '38678745-debb', 162),
('20:20:12.252', 31.6061, 68.0416, '38678745-debb', 162),
('20:20:12.333', 32.3382, 72.1106, '38678745-debb', 162),
('20:20:12.443', 36.5217, 71.0561, '38678745-debb', 162),
('20:20:12.525', 35.7859, 70.8878, '38678745-debb', 162),
('20:20:12.641', 36.7783, 73.4658, '38678745-debb', 162),
('20:20:12.734', 37.3882, 68.8787, '38678745-debb', 162),
('20:20:12.849', 37.118, 71.1383, '38678745-debb', 162),
('20:20:12.932', 34.496, 71.2375, '38678745-debb', 162),
('20:20:13.057', 32.2907, 73.5802, '38678745-debb', 162),
('20:20:13.142', 33.3194, 74.5005, '38678745-debb', 162),
('20:20:13.252', 29.7214, 75.4932, '38678745-debb', 162),
('20:20:13.333', 26.1025, 76.0513, '38678745-debb', 162),
('20:20:13.442', 33.1224, 58.357, '38678745-debb', 162),
('20:20:13.524', 31.5658, 50.6218, '38678745-debb', 162),
('20:20:13.666', 38.6828, 39.1588, '38678745-debb', 162),
('20:20:13.764', 42.5172, 27.9668, '38678745-debb', 162),
('20:20:13.846', 51.7877, 17.1067, '38678745-debb', 162),
('20:20:13.956', 65.3576, 12.3382, '38678745-debb', 162),
('20:20:14.043', 65.2391, 7.38005, '38678745-debb', 162),
('20:20:14.159', 64.5785, 5.03884, '38678745-debb', 162),
('20:20:14.238', 67.0071, 3.23624, '38678745-debb', 162),
('20:20:14.357', 68.8279, 7.11766, '38678745-debb', 162),
('20:20:14.444', 75.0652, 4.52932, '38678745-debb', 162),
('20:20:14.561', 76.9465, 5.23708, '38678745-debb', 162),
('20:20:14.643', 79.1547, 7.3333, '38678745-debb', 162),
('20:20:14.751', 78.4263, 3.72383, '38678745-debb', 162),
('20:20:14.850', 76.2891, 0.46677, '38678745-debb', 162),
('20:20:14.937', 75.3502, 0.653217, '38678745-debb', 162),
('20:20:15.385', 70.8416, 1.47236, '38678745-debb', 163),
('20:20:15.544', 66.7743, 2.56893, '38678745-debb', 163),
('20:20:15.549', 58.9181, 3.2963, '38678745-debb', 163),
('20:20:15.664', 59.0593, 5.83183, '38678745-debb', 163),
('20:20:15.836', 57.0062, 8.48595, '38678745-debb', 163),
('20:20:15.841', 58.9746, 7.73213, '38678745-debb', 163),
('20:20:15.969', 56.7425, 10.7449, '38678745-debb', 163),
('20:20:16.146', 66.4809, 12.2767, '38678745-debb', 163),
('20:20:16.151', 61.5605, 12.242, '38678745-debb', 163),
('20:20:16.262', 66.7588, 13.2024, '38678745-debb', 163),
('20:20:16.429', 67.0159, 11.9874, '38678745-debb', 163),
('20:20:16.436', 66.9347, 10.6837, '38678745-debb', 163),
('20:20:16.560', 65.4732, 16.0447, '38678745-debb', 163),
('20:20:16.738', 66.7575, 19.9697, '38678745-debb', 163),
('20:20:16.743', 69.413, 21.8166, '38678745-debb', 163),
('20:20:16.904', 68.6192, 23.7688, '38678745-debb', 163),
('20:20:17.089', 66.1907, 70.4109, '38678745-debb', 163),
('20:20:17.093', 63.9747, 71.7604, '38678745-debb', 163),
('20:20:17.209', 59.2958, 88.0297, '38678745-debb', 163),
('20:20:17.411', 57.0361, 85.0969, '38678745-debb', 163),
('20:20:17.415', 55.226, 82.4688, '38678745-debb', 163),
('20:20:17.489', 50.7504, 79.7409, '38678745-debb', 163),
('20:20:17.651', 48.9578, 76.5026, '38678745-debb', 163),
('20:20:17.655', 48.8484, 72.8438, '38678745-debb', 163),
('20:20:17.786', 46.5695, 68.5129, '38678745-debb', 163),
('20:20:17.968', 54.8136, 5.98826, '38678745-debb', 163),
('20:20:17.974', 52.3636, 5.35751, '38678745-debb', 163),
('20:20:18.081', 60.0908, 7.6634, '38678745-debb', 163),
('20:20:18.265', 75.9604, 18.6329, '38678745-debb', 163),
('20:20:18.270', 68.51, 13.0521, '38678745-debb', 163),
('20:20:18.384', 73.7127, 17.8248, '38678745-debb', 163),
('20:20:18.564', 86.6299, 25.8127, '38678745-debb', 163),
('20:20:18.568', 83.0858, 24.5934, '38678745-debb', 163),
('20:20:18.679', 80.7901, 25.5895, '38678745-debb', 163),
('20:20:18.857', 83.7184, 21.3174, '38678745-debb', 163),
('20:20:18.862', 81.65, 16.3941, '38678745-debb', 163),
('20:20:18.983', 79.9104, 13.2402, '38678745-debb', 163),
('20:20:19.174', 70.58, 13.6873, '38678745-debb', 163),
('20:20:19.179', 62.2053, 14.1563, '38678745-debb', 163),
('20:20:19.292', 63.1666, 9.01587, '38678745-debb', 163),
('20:20:19.476', 56.7116, 1.48932, '38678745-debb', 163),
('20:20:20.196', 38.163, 6.90931, '38678745-debb', 163),
('20:29:18.880', 78.1364, 5.72057, 'facef771-c418', 161),
('20:29:18.987', 62.2248, 6.80511, 'facef771-c418', 161),
('20:29:19.099', 48.6988, 9.20482, 'facef771-c418', 161),
('20:29:19.216', 37.4605, 15.9498, 'facef771-c418', 161),
('20:29:19.326', 28.0945, 15.9019, 'facef771-c418', 161),
('20:29:19.444', 22.6213, 18.1869, 'facef771-c418', 161),
('20:29:19.556', 32.4695, 19.7532, 'facef771-c418', 161),
('20:29:19.667', 36.7093, 26.818, 'facef771-c418', 161),
('20:29:19.783', 28.182, 28.7992, 'facef771-c418', 161),
('20:29:19.896', 26.7799, 26.5956, 'facef771-c418', 161),
('20:29:20.012', 39.0719, 24.1351, 'facef771-c418', 161),
('20:29:20.123', 46.8103, 24.2861, 'facef771-c418', 161),
('20:29:20.211', 49.5188, 24.0999, 'facef771-c418', 161),
('20:29:20.361', 54.4543, 39.293, 'facef771-c418', 161),
('20:29:20.468', 57.28, 68.428, 'facef771-c418', 161),
('20:29:20.577', 56.0611, 67.4226, 'facef771-c418', 161),
('20:29:20.682', 52.6634, 72.4161, 'facef771-c418', 161),
('20:29:20.799', 50.5287, 72.4891, 'facef771-c418', 161),
('20:29:20.913', 49.8692, 32.0366, 'facef771-c418', 161),
('20:29:21.021', 55.4793, 29.9288, 'facef771-c418', 161),
('20:29:21.140', 68.0423, 28.6798, 'facef771-c418', 161),
('20:29:21.252', 78.6518, 23.0417, 'facef771-c418', 161),
('20:29:21.374', 85.7209, 16.9223, 'facef771-c418', 161),
('20:29:21.487', 89.6612, 16.8273, 'facef771-c418', 161),
('20:29:21.604', 94.2814, 15.3838, 'facef771-c418', 161),
('20:29:21.708', 94.1011, 7.72693, 'facef771-c418', 161),
('20:29:21.821', 95.269, 2.95209, 'facef771-c418', 161),
('20:29:22.319', 91.6072, 28.4005, 'facef771-c418', 162),
('20:29:22.403', 89.8898, 43.152, 'facef771-c418', 162),
('20:29:22.552', 91.817, 43.6278, 'facef771-c418', 162),
('20:29:22.635', 61.4716, 45.2869, 'facef771-c418', 162),
('20:29:22.718', 69.2472, 55.5864, 'facef771-c418', 162),
('20:29:22.831', 87.5254, 47.5575, 'facef771-c418', 162),
('20:29:22.912', 88.5429, 52.6747, 'facef771-c418', 162),
('20:29:23.023', 78.8654, 72.645, 'facef771-c418', 162),
('20:29:23.109', 74.6941, 68.7936, 'facef771-c418', 162),
('20:29:23.216', 69.8764, 67.7876, 'facef771-c418', 162),
('20:29:23.298', 68.5704, 68.179, 'facef771-c418', 162),
('20:29:23.441', 56.5918, 62.7047, 'facef771-c418', 162),
('20:29:23.557', 62.9651, 49.6254, 'facef771-c418', 162),
('20:29:23.649', 59.7058, 55.4162, 'facef771-c418', 162),
('20:29:23.774', 59.5444, 67.7849, 'facef771-c418', 162),
('20:29:23.858', 59.0756, 79.7641, 'facef771-c418', 162),
('20:29:23.990', 51.6508, 79.3304, 'facef771-c418', 162),
('20:29:24.106', 50.5422, 78.6533, 'facef771-c418', 162),
('20:29:24.190', 43.4853, 86.5522, 'facef771-c418', 162),
('20:29:24.322', 56.0393, 58.0464, 'facef771-c418', 162),
('20:29:24.423', 62.887, 52.5533, 'facef771-c418', 162),
('20:29:24.506', 57.8905, 37.989, 'facef771-c418', 162),
('20:29:24.625', 45.2377, 27.611, 'facef771-c418', 162),
('20:29:24.711', 37.3987, 19.0148, 'facef771-c418', 162),
('20:29:24.835', 27.4705, 27.9356, 'facef771-c418', 162),
('20:29:24.918', 15.8107, 29.5458, 'facef771-c418', 162),
('20:29:25.038', 21.1469, 30.7476, 'facef771-c418', 162),
('20:29:25.123', 23.1675, 35.4469, 'facef771-c418', 162),
('20:29:25.235', 28.5464, 33.888, 'facef771-c418', 162),
('20:29:25.321', 34.6736, 29.5146, 'facef771-c418', 162),
('20:29:25.432', 31.1602, 27.8605, 'facef771-c418', 162),
('20:29:25.513', 30.8235, 25.3225, 'facef771-c418', 162),
('20:29:25.633', 21.9089, 38.5161, 'facef771-c418', 162),
('20:29:25.738', 25.2379, 37.3728, 'facef771-c418', 162),
('20:29:25.829', 30.5759, 33.6784, 'facef771-c418', 162),
('20:29:25.951', 34.6686, 28.1145, 'facef771-c418', 162),
('20:29:26.036', 40.1138, 13.6229, 'facef771-c418', 162),
('20:29:26.157', 64.6637, 11.7704, 'facef771-c418', 162),
('20:29:26.240', 77.1176, 6.52867, 'facef771-c418', 162),
('20:29:26.355', 85.9653, 11.2083, 'facef771-c418', 162),
('20:29:26.436', 94.5816, 7.51728, 'facef771-c418', 162),
('20:29:27.136', 92.0397, 8.03435, 'facef771-c418', 162),
('20:29:27.229', 69.7235, 21.0547, 'facef771-c418', 162),
('20:29:27.372', 55.7112, 11.8472, 'facef771-c418', 163),
('20:29:27.540', 43.2517, 13.3197, 'facef771-c418', 163),
('20:29:27.561', 34.2163, 13.303, 'facef771-c418', 163),
('20:29:27.666', 32.1956, 11.6414, 'facef771-c418', 163),
('20:29:27.827', 25.1956, 13.5264, 'facef771-c418', 163),
('20:29:27.832', 19.7156, 14.3765, 'facef771-c418', 163),
('20:29:27.950', 14.4146, 13.1786, 'facef771-c418', 163),
('20:29:28.118', 4.73828, 11.4451, 'facef771-c418', 163),
('20:29:28.123', 6.51248, 13.3617, 'facef771-c418', 163),
('20:29:28.251', 16.1122, 12.2774, 'facef771-c418', 163),
('20:29:28.410', 49.7651, 11.5102, 'facef771-c418', 163),
('20:29:28.415', 33.0671, 11.6468, 'facef771-c418', 163),
('20:29:28.543', 62.907, 9.32252, 'facef771-c418', 163),
('20:29:28.732', 67.9431, 17.6897, 'facef771-c418', 163),
('20:29:28.760', 72.8716, 21.6764, 'facef771-c418', 163),
('20:29:28.856', 75.019, 25.7197, 'facef771-c418', 163),
('20:29:29.003', 65.1058, 27.6159, 'facef771-c418', 163),
('20:29:29.008', 69.6652, 26.5894, 'facef771-c418', 163),
('20:29:29.131', 62.3758, 24.1298, 'facef771-c418', 163),
('20:29:29.314', 56.7678, 63.9574, 'facef771-c418', 163),
('20:29:29.318', 58.1847, 65.5275, 'facef771-c418', 163),
('20:29:29.425', 57.1779, 67.352, 'facef771-c418', 163),
('20:29:29.603', 46.1588, 68.3969, 'facef771-c418', 163),
('20:29:29.607', 50.9885, 68.2127, 'facef771-c418', 163),
('20:29:29.714', 38.2855, 70.1742, 'facef771-c418', 163),
('20:29:29.895', 31.1484, 69.5593, 'facef771-c418', 163),
('20:29:29.900', 23.6295, 71.6063, 'facef771-c418', 163),
('20:29:29.983', 18.1965, 71.1561, 'facef771-c418', 163),
('20:29:30.107', 26.1837, 66.9966, 'facef771-c418', 163),
('20:29:30.271', 31.2539, 63.6431, 'facef771-c418', 163),
('20:29:30.276', 34.4285, 61.7129, 'facef771-c418', 163),
('20:29:30.401', 44.1494, 14.9853, 'facef771-c418', 163),
('20:29:30.580', 66.2109, 11.0263, 'facef771-c418', 163),
('20:29:30.585', 58.0929, 14.3452, 'facef771-c418', 163),
('20:29:30.696', 79.1892, 7.15176, 'facef771-c418', 163),
('20:29:30.880', 87.7591, 4.84746, 'facef771-c418', 163),
('20:29:30.885', 95.1179, 2.75246, 'facef771-c418', 163),
('20:29:31.476', 95.1872, 2.00607, 'facef771-c418', 163),
('20:29:31.601', 88.8086, 1.12259, 'facef771-c418', 163);

--
-- Indici per le tabelle scaricate
--

--
-- Indici per le tabelle `page`
--
ALTER TABLE `page`
  ADD PRIMARY KEY (`id`),
  ADD KEY `test-page` (`cod_test`);

--
-- Indici per le tabelle `test`
--
ALTER TABLE `test`
  ADD PRIMARY KEY (`id`),
  ADD KEY `user-test` (`cod_creator`);

--
-- Indici per le tabelle `user`
--
ALTER TABLE `user`
  ADD PRIMARY KEY (`id`);

--
-- Indici per le tabelle `webgazer_data`
--
ALTER TABLE `webgazer_data`
  ADD PRIMARY KEY (`instant`,`anonym_user_index`),
  ADD KEY `data-page` (`cod_page`);

--
-- AUTO_INCREMENT per le tabelle scaricate
--

--
-- AUTO_INCREMENT per la tabella `page`
--
ALTER TABLE `page`
  MODIFY `id` int(11) NOT NULL AUTO_INCREMENT, AUTO_INCREMENT=170;

--
-- AUTO_INCREMENT per la tabella `test`
--
ALTER TABLE `test`
  MODIFY `id` int(11) NOT NULL AUTO_INCREMENT, AUTO_INCREMENT=140;

--
-- AUTO_INCREMENT per la tabella `user`
--
ALTER TABLE `user`
  MODIFY `id` int(11) NOT NULL AUTO_INCREMENT, AUTO_INCREMENT=20;

--
-- Limiti per le tabelle scaricate
--

--
-- Limiti per la tabella `page`
--
ALTER TABLE `page`
  ADD CONSTRAINT `test-page` FOREIGN KEY (`cod_test`) REFERENCES `test` (`id`) ON DELETE CASCADE ON UPDATE CASCADE;

--
-- Limiti per la tabella `test`
--
ALTER TABLE `test`
  ADD CONSTRAINT `user-test` FOREIGN KEY (`cod_creator`) REFERENCES `user` (`id`) ON DELETE CASCADE ON UPDATE CASCADE;

--
-- Limiti per la tabella `webgazer_data`
--
ALTER TABLE `webgazer_data`
  ADD CONSTRAINT `data-page` FOREIGN KEY (`cod_page`) REFERENCES `page` (`id`) ON DELETE CASCADE ON UPDATE CASCADE;
COMMIT;

/*!40101 SET CHARACTER_SET_CLIENT=@OLD_CHARACTER_SET_CLIENT */;
/*!40101 SET CHARACTER_SET_RESULTS=@OLD_CHARACTER_SET_RESULTS */;
/*!40101 SET COLLATION_CONNECTION=@OLD_COLLATION_CONNECTION */;
