-- phpMyAdmin SQL Dump
-- version 5.2.1
-- https://www.phpmyadmin.net/
--
-- Host: 127.0.0.1
-- Creato il: Nov 27, 2024 alle 16:44
-- Versione del server: 10.4.28-MariaDB
-- Versione PHP: 8.2.4

SET SQL_MODE = "NO_AUTO_VALUE_ON_ZERO";
START TRANSACTION;
SET time_zone = "+00:00";


/*!40101 SET @OLD_CHARACTER_SET_CLIENT=@@CHARACTER_SET_CLIENT */;
/*!40101 SET @OLD_CHARACTER_SET_RESULTS=@@CHARACTER_SET_RESULTS */;
/*!40101 SET @OLD_COLLATION_CONNECTION=@@COLLATION_CONNECTION */;
/*!40101 SET NAMES utf8mb4 */;

--
-- Database: `gazetrackerdb`
--

-- --------------------------------------------------------

--
-- Struttura della tabella `etdv_page`
--

CREATE TABLE `etdv_page` (
  `id` int(11) NOT NULL,
  `name` varchar(30) NOT NULL,
  `cod_test` int(11) NOT NULL,
  `link` varchar(200) DEFAULT NULL,
  `image` varchar(200) DEFAULT NULL,
  `text` text DEFAULT NULL,
  `max_time` time NOT NULL
) ENGINE=InnoDB DEFAULT CHARSET=utf8mb4 COLLATE=utf8mb4_general_ci;

--
-- Dump dei dati per la tabella `etdv_page`
--

INSERT INTO `etdv_page` (`id`, `name`, `cod_test`, `link`, `image`, `text`, `max_time`) VALUES
(160, 'Spiegazione', 125, NULL, NULL, 'Questo è un test di UX Design.', '00:23:00'),
(161, 'Purple', 125, NULL, '15_125_161.jpg', NULL, '00:05:00'),
(162, 'Link Wiki', 125, 'https://it.wikipedia.org/wiki/User_experience_design', NULL, NULL, '00:04:00'),
(163, 'Food', 125, NULL, '15_125_163.png', NULL, '00:15:00'),
(164, 'Titolo', 126, NULL, NULL, 'Una selezione di paesaggi.', '00:10:00'),
(165, 'Il lago', 126, NULL, '15_126_165.jpg', NULL, '00:16:00'),
(169, 'Titolo', 139, NULL, NULL, 'Questo test non è attivo.', '00:15:00'),
(215, 'Presentazione', 183, NULL, NULL, 'Benvenuto! L\'obiettivo è valutare l\'efficacia e l\'usabilità dei design proposti. Osserva le immagini e condividi il tuo feedback. Grazie per il contributo!', '10:00:00'),
(216, 'Landing page', 183, NULL, '18_183_216.png', NULL, '00:02:00'),
(217, 'Four UIs', 183, NULL, '18_183_217.png', NULL, '00:01:00'),
(218, 'Floating UI', 183, NULL, '18_183_218.jpg', NULL, '00:01:30'),
(219, 'UI Design', 183, NULL, '18_183_219.jpg', NULL, '00:03:00');

-- --------------------------------------------------------

--
-- Struttura della tabella `etdv_test`
--

CREATE TABLE `etdv_test` (
  `id` int(11) NOT NULL,
  `name` varchar(50) NOT NULL,
  `questionnaire_link` varchar(200) DEFAULT NULL,
  `password` varchar(30) DEFAULT NULL,
  `anonym_user` tinyint(1) NOT NULL,
  `cod_creator` int(11) NOT NULL,
  `active` tinyint(1) NOT NULL
) ENGINE=InnoDB DEFAULT CHARSET=utf8mb4 COLLATE=utf8mb4_general_ci;

--
-- Dump dei dati per la tabella `etdv_test`
--

INSERT INTO `etdv_test` (`id`, `name`, `questionnaire_link`, `password`, `anonym_user`, `cod_creator`, `active`) VALUES
(125, 'UX Design', '', '', 0, 15, 1),
(126, 'Landscapes', 'https://google.com', 'Password123', 1, 18, 1),
(138, 'Test Vuoto', '', '', 0, 15, 1),
(139, 'Test non attivo', '', '', 0, 15, 0),
(183, 'Test interfaccia grafica', 'https://www.google.it/intl/it/forms/about/', 'Interface1', 1, 18, 1);

-- --------------------------------------------------------

--
-- Struttura della tabella `etdv_user`
--

CREATE TABLE `etdv_user` (
  `id` int(11) NOT NULL,
  `email` varchar(50) NOT NULL,
  `password` varchar(128) NOT NULL,
  `type` varchar(1) NOT NULL,
  `salt` varchar(128) NOT NULL
) ENGINE=InnoDB DEFAULT CHARSET=utf8mb4 COLLATE=utf8mb4_general_ci;

--
-- Dump dei dati per la tabella `etdv_user`
--

INSERT INTO `etdv_user` (`id`, `email`, `password`, `type`, `salt`) VALUES
(15, 'silvia@gmail.com', '75582c0917ce4ac8c0e4ab1bb7ce11ca9e8918fda02e22eaa9cf0588ed1449201825df0a264cbc26c177541f5be48e56b7c905da170375b4b2f3004514ddd808', 'C', '2ec6207126bb9963673ba4f9c88306d5ab70ad5623363af17f98c38ffbeb30d8283d4408d68e14cc29aa41e5e42754c35918ffa98ccf705bffeb2b288e65d642'),
(16, 'filippo@gmail.com', 'b2e16f9b93d645250a9c71051e8761f88398a7730c5b127ef82cc5378116d667d622253ff2ecae3432abd39fa5ef700b70f2834301d2e67a680e28d500340f5e', 'T', 'a603d5054de2c3c4ac8e3557922f4ab9b0431012dafaa733f3609e912d1a9c2e011f57c7e6d574d1116a06576bbb9ba7a39e2cedcdd380f27970aff48e47b28e'),
(17, 'simone@gmail.com', '5e7d45a057da81b5b0ebdae75208f66cbd64e1c71561338fc0066dcf79b760891eae5c2fd1105a7703f2fda541fceac3bc42070ef5da3f5f53287e401a6beae1', 'T', 'f696d7e2f0f8d1b32f091e944c1bf03c56b4884a8b7a22ba13f1bee6e5b26d65a3703e284bd629de94d29070cae22eba31c01b4ad63bf9b65feafe74dea46c5c'),
(18, 'sara@gmail.com', 'cbe36e0b289a247740a174e3c1d62945ce6239a58b87171ee9d4a346cad5c1628f4e9c449f3cb42b28ac6ee0090098ee83faedf76173a280fc6fb07540bbe5bb', 'C', 'e446384c49771397c921906ad91aa38ca55a974b9d557f47bb814712c1e1add046e1ff05011f0d25b8c3c54ac53be86354dbbece02b18da643c6735767f42e66');

-- --------------------------------------------------------

--
-- Struttura della tabella `etdv_webgazer_data`
--

CREATE TABLE `etdv_webgazer_data` (
  `instant` time(3) NOT NULL,
  `x` float NOT NULL,
  `y` float NOT NULL,
  `anonym_user_index` varchar(32) NOT NULL,
  `cod_page` int(11) NOT NULL
) ENGINE=InnoDB DEFAULT CHARSET=utf8mb4 COLLATE=utf8mb4_general_ci;

--
-- Dump dei dati per la tabella `etdv_webgazer_data`
--

INSERT INTO `etdv_webgazer_data` (`instant`, `x`, `y`, `anonym_user_index`, `cod_page`) VALUES
('16:32:32.499', 34.0591, 39.807, 'cdf02027-0f81', 216),
('16:32:32.596', 34.3454, 35.5349, 'cdf02027-0f81', 216),
('16:32:32.728', 37.7838, 28.8119, 'cdf02027-0f81', 216),
('16:32:32.821', 33.1696, 20.0474, 'cdf02027-0f81', 216),
('16:32:32.952', 35.0628, 17.3233, 'cdf02027-0f81', 216),
('16:32:33.042', 30.9676, 23.3455, 'cdf02027-0f81', 216),
('16:32:33.172', 23.9444, 29.522, 'cdf02027-0f81', 216),
('16:32:33.268', 37.296, 36.3211, 'cdf02027-0f81', 216),
('16:32:33.390', 38.7818, 25.0786, 'cdf02027-0f81', 216),
('16:32:33.490', 36.2511, 17.9553, 'cdf02027-0f81', 216),
('16:32:33.603', 50.8995, 18.2582, 'cdf02027-0f81', 216),
('16:32:33.730', 48.7543, 17.4014, 'cdf02027-0f81', 216),
('16:32:33.855', 47.7056, 7.13897, 'cdf02027-0f81', 216),
('16:32:33.948', 53.4939, 3.56341, 'cdf02027-0f81', 216),
('16:32:34.089', 61.589, 4.17756, 'cdf02027-0f81', 216),
('16:32:34.177', 71.6286, 17.6951, 'cdf02027-0f81', 216),
('16:32:34.315', 64.1651, 37.1215, 'cdf02027-0f81', 216),
('16:32:34.443', 68.8869, 46.7894, 'cdf02027-0f81', 216),
('16:32:34.552', 64.0983, 49.9652, 'cdf02027-0f81', 216),
('16:32:34.661', 60.0602, 55.0511, 'cdf02027-0f81', 216),
('16:32:34.769', 57.6329, 57.686, 'cdf02027-0f81', 216),
('16:32:34.879', 56.6162, 62.6673, 'cdf02027-0f81', 216),
('16:32:34.986', 58.9926, 70.638, 'cdf02027-0f81', 216),
('16:32:35.109', 66.3609, 72.1202, 'cdf02027-0f81', 216),
('16:32:35.239', 66.8786, 72.4081, 'cdf02027-0f81', 216),
('16:32:35.354', 68.5573, 71.7222, 'cdf02027-0f81', 216),
('16:32:35.466', 71.9482, 70.5073, 'cdf02027-0f81', 216),
('16:32:35.575', 73.04, 72.8819, 'cdf02027-0f81', 216),
('16:32:35.705', 76.0421, 71.8577, 'cdf02027-0f81', 216),
('16:32:35.814', 75.0347, 72.2006, 'cdf02027-0f81', 216),
('16:32:35.907', 78.8968, 76.7788, 'cdf02027-0f81', 216),
('16:32:36.025', 74.2959, 76.7907, 'cdf02027-0f81', 216),
('16:32:36.171', 66.0169, 74.1027, 'cdf02027-0f81', 216),
('16:32:36.271', 64.997, 61.4378, 'cdf02027-0f81', 216),
('16:32:36.383', 70.5197, 27.192, 'cdf02027-0f81', 216),
('16:32:36.496', 62.1865, 24.515, 'cdf02027-0f81', 216),
('16:32:36.610', 50.8037, 19.0895, 'cdf02027-0f81', 216),
('16:32:36.747', 52.0919, 16.343, 'cdf02027-0f81', 216),
('16:32:36.846', 53.5033, 22.4953, 'cdf02027-0f81', 216),
('16:32:36.981', 47.443, 17.7953, 'cdf02027-0f81', 216),
('16:32:37.079', 48.9593, 20.2411, 'cdf02027-0f81', 216),
('16:32:37.213', 50.1644, 18.2049, 'cdf02027-0f81', 216),
('16:32:37.316', 51.1379, 20.3413, 'cdf02027-0f81', 216),
('16:32:37.429', 52.0711, 21.3555, 'cdf02027-0f81', 216),
('16:32:37.572', 50.2618, 23.9143, 'cdf02027-0f81', 216),
('16:32:37.669', 52.443, 19.886, 'cdf02027-0f81', 216),
('16:32:37.771', 55.8832, 21.6821, 'cdf02027-0f81', 216),
('16:32:37.887', 57.7128, 14.0828, 'cdf02027-0f81', 216),
('16:32:37.996', 57.2644, 14.2924, 'cdf02027-0f81', 216),
('16:32:38.102', 61.5047, 11.9313, 'cdf02027-0f81', 216),
('16:32:38.224', 64.7439, 13.8154, 'cdf02027-0f81', 216),
('16:32:38.352', 68.32, 13.0054, 'cdf02027-0f81', 216),
('16:32:38.451', 51.7372, 13.5598, 'cdf02027-0f81', 216),
('16:32:38.565', 57.9195, 15.9944, 'cdf02027-0f81', 216),
('16:32:38.676', 65.1004, 22.2729, 'cdf02027-0f81', 216),
('16:32:38.788', 69.026, 18.6598, 'cdf02027-0f81', 216),
('16:32:38.901', 74.9153, 19.5506, 'cdf02027-0f81', 216),
('16:32:39.039', 64.8135, 25.6979, 'cdf02027-0f81', 216),
('16:32:39.130', 55.8069, 28.9075, 'cdf02027-0f81', 216),
('16:32:39.248', 60.48, 24.0462, 'cdf02027-0f81', 216),
('16:32:39.381', 64.0032, 22.9547, 'cdf02027-0f81', 216),
('16:32:39.469', 68.932, 21.1402, 'cdf02027-0f81', 216),
('16:32:39.578', 65.3002, 26.5465, 'cdf02027-0f81', 216),
('16:32:39.706', 61.9608, 15.7052, 'cdf02027-0f81', 216),
('16:32:39.796', 63.4338, 8.53926, 'cdf02027-0f81', 216),
('16:32:39.909', 62.5167, 6.02487, 'cdf02027-0f81', 216),
('16:32:40.020', 59.5117, 1.00442, 'cdf02027-0f81', 216),
('16:32:40.153', 66.0486, 7.38044, 'cdf02027-0f81', 217),
('16:32:40.234', 64.6739, 18.2083, 'cdf02027-0f81', 217),
('16:32:40.354', 57.5036, 30.4717, 'cdf02027-0f81', 217),
('16:32:40.440', 47.5789, 32.3778, 'cdf02027-0f81', 217),
('16:32:40.592', 41.1224, 31.9669, 'cdf02027-0f81', 217),
('16:32:40.684', 46.3278, 38.6985, 'cdf02027-0f81', 217),
('16:32:40.790', 34.868, 30.0192, 'cdf02027-0f81', 217),
('16:32:40.897', 30.7788, 27.555, 'cdf02027-0f81', 217),
('16:32:40.997', 28.7316, 26.9884, 'cdf02027-0f81', 217),
('16:32:41.100', 25.1646, 25.4022, 'cdf02027-0f81', 217),
('16:32:41.200', 15.677, 24.4412, 'cdf02027-0f81', 217),
('16:32:41.311', 15.5458, 37.6379, 'cdf02027-0f81', 217),
('16:32:41.416', 23.8022, 44.7726, 'cdf02027-0f81', 217),
('16:32:41.527', 36.64, 53.6962, 'cdf02027-0f81', 217),
('16:32:41.627', 51.4417, 71.2599, 'cdf02027-0f81', 217),
('16:32:41.732', 50.1495, 79.3183, 'cdf02027-0f81', 217),
('16:32:41.839', 52.9137, 82.2838, 'cdf02027-0f81', 217),
('16:32:41.954', 54.8443, 77.1491, 'cdf02027-0f81', 217),
('16:32:42.061', 54.2, 66.0181, 'cdf02027-0f81', 217),
('16:32:42.168', 51.1799, 58.0567, 'cdf02027-0f81', 217),
('16:32:42.273', 46.2687, 51.6639, 'cdf02027-0f81', 217),
('16:32:42.362', 46.2503, 41.1997, 'cdf02027-0f81', 217),
('16:32:42.486', 51.1999, 45.0405, 'cdf02027-0f81', 217),
('16:32:42.589', 56.4622, 52.046, 'cdf02027-0f81', 217),
('16:32:42.682', 55.2556, 51.7571, 'cdf02027-0f81', 217),
('16:32:42.776', 61.411, 56.2075, 'cdf02027-0f81', 217),
('16:32:42.896', 66.0185, 57.206, 'cdf02027-0f81', 217),
('16:32:42.997', 58.837, 60.8242, 'cdf02027-0f81', 217),
('16:32:43.118', 63.5613, 59.128, 'cdf02027-0f81', 217),
('16:32:43.199', 60.1774, 65.055, 'cdf02027-0f81', 217),
('16:32:43.320', 67.856, 54.2854, 'cdf02027-0f81', 217),
('16:32:43.408', 68.5121, 49.3809, 'cdf02027-0f81', 217),
('16:32:43.513', 63.4076, 51.9213, 'cdf02027-0f81', 217),
('16:32:43.618', 66.4428, 50.0065, 'cdf02027-0f81', 217),
('16:32:43.724', 71.208, 50.7243, 'cdf02027-0f81', 217),
('16:32:43.828', 75.3983, 33.4145, 'cdf02027-0f81', 217),
('16:32:43.955', 80.3302, 20.4421, 'cdf02027-0f81', 217),
('16:32:44.038', 63.0963, 25.7566, 'cdf02027-0f81', 217),
('16:32:44.119', 72.2532, 26.7823, 'cdf02027-0f81', 217),
('16:32:44.249', 83.0746, 37.0719, 'cdf02027-0f81', 217),
('16:32:44.363', 70.1456, 37.3088, 'cdf02027-0f81', 217),
('16:32:44.462', 76.5814, 42.1448, 'cdf02027-0f81', 217),
('16:32:44.610', 85.1112, 40.5592, 'cdf02027-0f81', 217),
('16:32:44.679', 90.6242, 42.4243, 'cdf02027-0f81', 217),
('16:32:44.829', 93.923, 38.7574, 'cdf02027-0f81', 217),
('16:32:44.891', 97.0276, 43.1117, 'cdf02027-0f81', 217),
('16:32:45.128', 92.5484, 48.3211, 'cdf02027-0f81', 217),
('16:32:45.214', 83.4479, 48.9899, 'cdf02027-0f81', 217),
('16:32:45.314', 74.0965, 48.4757, 'cdf02027-0f81', 217),
('16:32:45.427', 69.9557, 44.1219, 'cdf02027-0f81', 217),
('16:32:45.541', 69.8661, 42.663, 'cdf02027-0f81', 217),
('16:32:45.647', 64.3062, 48.5134, 'cdf02027-0f81', 217),
('16:32:45.734', 74.1562, 39.3781, 'cdf02027-0f81', 217),
('16:32:45.841', 65.3678, 26.2189, 'cdf02027-0f81', 217),
('16:32:45.955', 64.5891, 35.3098, 'cdf02027-0f81', 217),
('16:32:46.068', 60.577, 44.4483, 'cdf02027-0f81', 217),
('16:32:46.162', 42.7451, 49.2925, 'cdf02027-0f81', 217),
('16:32:46.287', 50.3931, 46.0999, 'cdf02027-0f81', 217),
('16:32:46.374', 48.4807, 42.3205, 'cdf02027-0f81', 217),
('16:32:46.505', 46.4305, 29.5206, 'cdf02027-0f81', 217),
('16:32:46.584', 36.3053, 29.6307, 'cdf02027-0f81', 217),
('16:32:46.682', 36.0623, 20.2141, 'cdf02027-0f81', 217),
('16:32:46.789', 37.6168, 18.7334, 'cdf02027-0f81', 217),
('16:32:46.906', 46.232, 11.1785, 'cdf02027-0f81', 217),
('16:32:47.019', 48.5576, 7.92327, 'cdf02027-0f81', 217),
('16:32:47.123', 54.1974, 3.40869, 'cdf02027-0f81', 217),
('16:32:47.224', 55.1335, 4.48592, 'cdf02027-0f81', 217),
('16:32:47.326', 60.8865, 6.25197, 'cdf02027-0f81', 217),
('16:32:47.433', 56.7024, 12.9327, 'cdf02027-0f81', 217),
('16:32:47.539', 49.929, 19.8171, 'cdf02027-0f81', 217),
('16:32:47.665', 43.081, 13.9815, 'cdf02027-0f81', 218),
('16:32:47.852', 37.9986, 13.2233, 'cdf02027-0f81', 218),
('16:32:47.857', 27.872, 15.3453, 'cdf02027-0f81', 218),
('16:32:47.981', 17.6355, 10.3562, 'cdf02027-0f81', 218),
('16:32:48.192', 18.2934, 9.49533, 'cdf02027-0f81', 218),
('16:32:48.208', 15.6943, 9.87026, 'cdf02027-0f81', 218),
('16:32:48.293', 15.8996, 8.79502, 'cdf02027-0f81', 218),
('16:32:48.489', 32.6768, 22.4744, 'cdf02027-0f81', 218),
('16:32:48.519', 45.8135, 30.4027, 'cdf02027-0f81', 218),
('16:32:48.613', 53.5602, 33.7358, 'cdf02027-0f81', 218),
('16:32:48.783', 54.3779, 52.4784, 'cdf02027-0f81', 218),
('16:32:48.788', 50.7773, 65.8727, 'cdf02027-0f81', 218),
('16:32:48.903', 59.2149, 79.5011, 'cdf02027-0f81', 218),
('16:32:49.106', 61.2107, 70.9966, 'cdf02027-0f81', 218),
('16:32:49.111', 58.0522, 69.2279, 'cdf02027-0f81', 218),
('16:32:49.237', 49.4882, 65.4125, 'cdf02027-0f81', 218),
('16:32:49.411', 50.0036, 73.674, 'cdf02027-0f81', 218),
('16:32:49.416', 48.2831, 71.7868, 'cdf02027-0f81', 218),
('16:32:49.538', 47.3412, 68.8934, 'cdf02027-0f81', 218),
('16:32:49.716', 48.362, 69.0556, 'cdf02027-0f81', 218),
('16:32:49.720', 46.9354, 68.2813, 'cdf02027-0f81', 218),
('16:32:49.842', 43.9529, 62.3183, 'cdf02027-0f81', 218),
('16:32:50.025', 37.1088, 60.9644, 'cdf02027-0f81', 218),
('16:32:50.029', 34.6759, 59.817, 'cdf02027-0f81', 218),
('16:32:50.145', 45.7898, 55.3092, 'cdf02027-0f81', 218),
('16:32:50.310', 55.1678, 54.5068, 'cdf02027-0f81', 218),
('16:32:50.330', 50.4673, 61.046, 'cdf02027-0f81', 218),
('16:32:50.469', 51.661, 66.5546, 'cdf02027-0f81', 218),
('16:32:50.630', 60.5106, 77.3261, 'cdf02027-0f81', 218),
('16:32:50.633', 67.2575, 85.3022, 'cdf02027-0f81', 218),
('16:32:50.745', 66.6676, 86.1462, 'cdf02027-0f81', 218),
('16:32:50.932', 54.9069, 76.4916, 'cdf02027-0f81', 218),
('16:32:50.936', 53.1306, 72.4926, 'cdf02027-0f81', 218),
('16:32:51.055', 52.3895, 79.5075, 'cdf02027-0f81', 218),
('16:32:51.240', 56.5947, 75.8736, 'cdf02027-0f81', 218),
('16:32:51.245', 54.5583, 73.1355, 'cdf02027-0f81', 218),
('16:32:51.377', 61.7529, 71.3006, 'cdf02027-0f81', 218),
('16:32:51.562', 56.0475, 66.4033, 'cdf02027-0f81', 218),
('16:32:51.566', 61.9106, 64.0269, 'cdf02027-0f81', 218),
('16:32:51.704', 48.0062, 61.364, 'cdf02027-0f81', 218),
('16:32:51.890', 45.1175, 63.4104, 'cdf02027-0f81', 218),
('16:32:51.894', 41.1438, 66.8545, 'cdf02027-0f81', 218),
('16:32:51.995', 33.5483, 73.8719, 'cdf02027-0f81', 218),
('16:32:52.203', 42.3949, 72.5127, 'cdf02027-0f81', 218),
('16:32:52.208', 43.1088, 69.5384, 'cdf02027-0f81', 218),
('16:32:52.303', 44.1012, 73.5895, 'cdf02027-0f81', 218),
('16:32:52.485', 36.5223, 73.3381, 'cdf02027-0f81', 218),
('16:32:52.490', 29.5204, 70.9422, 'cdf02027-0f81', 218),
('16:32:52.610', 19.7349, 67.0663, 'cdf02027-0f81', 218),
('16:32:52.798', 11.1922, 58.3238, 'cdf02027-0f81', 218),
('16:32:52.802', 9.01131, 51.2218, 'cdf02027-0f81', 218),
('16:32:52.923', 7.10281, 41.277, 'cdf02027-0f81', 218),
('16:32:53.119', 11.9337, 32.8266, 'cdf02027-0f81', 218),
('16:32:53.124', 9.90429, 25.935, 'cdf02027-0f81', 218),
('16:32:53.251', 21.8836, 29.1183, 'cdf02027-0f81', 218),
('16:32:53.433', 20.52, 33.5118, 'cdf02027-0f81', 218),
('16:32:53.437', 19.8951, 43.2158, 'cdf02027-0f81', 218),
('16:32:53.564', 27.2253, 49.9992, 'cdf02027-0f81', 218),
('16:32:53.757', 32.0261, 21.1585, 'cdf02027-0f81', 218),
('16:32:53.762', 35.0644, 28.3986, 'cdf02027-0f81', 218),
('16:32:53.884', 34.9415, 26.4118, 'cdf02027-0f81', 218),
('16:32:54.083', 30.0727, 29.4951, 'cdf02027-0f81', 218),
('16:32:54.086', 25.7524, 37.5842, 'cdf02027-0f81', 218),
('16:32:54.209', 26.7207, 39.8229, 'cdf02027-0f81', 218),
('16:32:54.396', 37.2134, 40.7681, 'cdf02027-0f81', 218),
('16:32:54.419', 43.9763, 42.5381, 'cdf02027-0f81', 218),
('16:32:54.520', 51.0698, 34.6067, 'cdf02027-0f81', 218),
('16:32:54.712', 49.1678, 43.2391, 'cdf02027-0f81', 218),
('16:32:54.715', 49.5162, 49.4472, 'cdf02027-0f81', 218),
('16:32:54.839', 63.9658, 49.3962, 'cdf02027-0f81', 218),
('16:32:55.023', 66.1846, 41.736, 'cdf02027-0f81', 218),
('16:32:55.028', 70.909, 37.5769, 'cdf02027-0f81', 218),
('16:32:55.143', 75.4877, 31.7553, 'cdf02027-0f81', 218),
('16:32:55.315', 82.991, 23.9057, 'cdf02027-0f81', 218),
('16:32:55.320', 85.0607, 19.9986, 'cdf02027-0f81', 218),
('16:32:55.446', 77.8433, 21.2666, 'cdf02027-0f81', 218),
('16:32:55.635', 75.0291, 23.9682, 'cdf02027-0f81', 218),
('16:32:55.638', 64.1034, 23.2073, 'cdf02027-0f81', 218),
('16:32:55.795', 61.0396, 23.6606, 'cdf02027-0f81', 218),
('16:32:55.979', 64.0108, 23.9298, 'cdf02027-0f81', 218),
('16:32:56.002', 68.2456, 23.3811, 'cdf02027-0f81', 218),
('16:32:56.113', 71.3781, 35.8636, 'cdf02027-0f81', 218),
('16:32:56.306', 70.8811, 34.7495, 'cdf02027-0f81', 218),
('16:32:56.311', 64.7317, 32.559, 'cdf02027-0f81', 218),
('16:32:56.426', 61.5706, 37.2614, 'cdf02027-0f81', 218),
('16:32:56.621', 52.8179, 38.5916, 'cdf02027-0f81', 218),
('16:32:56.626', 46.2567, 42.9625, 'cdf02027-0f81', 218),
('16:32:56.743', 44.1304, 39.212, 'cdf02027-0f81', 218),
('16:32:56.919', 49.7572, 34.41, 'cdf02027-0f81', 218),
('16:32:56.924', 49.0234, 37.1116, 'cdf02027-0f81', 218),
('16:32:57.003', 46.5846, 33.5482, 'cdf02027-0f81', 218),
('16:32:57.172', 38.2966, 34.6313, 'cdf02027-0f81', 218),
('16:32:57.314', 42.7214, 32.1222, 'cdf02027-0f81', 218),
('16:32:57.319', 43.7429, 31.8995, 'cdf02027-0f81', 218),
('16:32:57.452', 41.8097, 30.2735, 'cdf02027-0f81', 218),
('16:32:57.624', 37.4601, 29.3212, 'cdf02027-0f81', 218),
('16:32:57.632', 37.7375, 28.4291, 'cdf02027-0f81', 218),
('16:32:57.746', 36.2086, 25.1913, 'cdf02027-0f81', 218),
('16:32:57.903', 37.8962, 21.5258, 'cdf02027-0f81', 218),
('16:32:57.908', 31.6883, 23.1077, 'cdf02027-0f81', 218),
('16:32:58.036', 28.4797, 20.6074, 'cdf02027-0f81', 218),
('16:32:58.229', 25.9244, 18.7151, 'cdf02027-0f81', 218),
('16:32:58.234', 31.9393, 13.0306, 'cdf02027-0f81', 218),
('16:32:58.355', 26.8324, 3.2301, 'cdf02027-0f81', 218),
('16:32:58.492', 29.3229, 0.317538, 'cdf02027-0f81', 218),
('16:32:59.229', 45.1398, 5.07727, 'cdf02027-0f81', 218),
('16:32:59.414', 38.2517, 10.802, 'cdf02027-0f81', 218),
('16:32:59.419', 39.5905, 18.3804, 'cdf02027-0f81', 218),
('16:32:59.538', 34.6567, 22.5932, 'cdf02027-0f81', 218),
('16:32:59.723', 34.6429, 59.8196, 'cdf02027-0f81', 218),
('16:32:59.727', 32.4344, 62.7515, 'cdf02027-0f81', 218),
('16:32:59.845', 33.2831, 65.4928, 'cdf02027-0f81', 218),
('16:33:00.039', 34.9173, 59.3622, 'cdf02027-0f81', 218),
('16:33:00.043', 39.0173, 51.155, 'cdf02027-0f81', 218),
('16:33:00.176', 45.83, 24.9117, 'cdf02027-0f81', 218),
('16:33:00.382', 51.5487, 5.3484, 'cdf02027-0f81', 218),
('16:33:00.387', 51.6625, 9.76494, 'cdf02027-0f81', 218),
('16:33:00.488', 36.4827, 15.5222, 'cdf02027-0f81', 218),
('16:33:00.668', 36.1978, 11.5592, 'cdf02027-0f81', 218),
('16:33:00.672', 33.4437, 9.25551, 'cdf02027-0f81', 218),
('16:33:00.793', 38.2054, 9.11707, 'cdf02027-0f81', 218),
('16:33:00.984', 52.8117, 10.425, 'cdf02027-0f81', 218),
('16:33:01.000', 59.3442, 10.8825, 'cdf02027-0f81', 218),
('16:33:01.110', 47.2035, 11.6976, 'cdf02027-0f81', 218),
('16:33:01.276', 51.857, 14.6966, 'cdf02027-0f81', 218),
('16:33:01.280', 42.1943, 13.4565, 'cdf02027-0f81', 218),
('16:33:01.380', 37.6444, 21.5062, 'cdf02027-0f81', 218),
('16:33:01.595', 44.7117, 26.7789, 'cdf02027-0f81', 219),
('16:33:01.600', 49.7134, 29.3699, 'cdf02027-0f81', 219),
('16:33:01.800', 53.9657, 27.4464, 'cdf02027-0f81', 219),
('16:33:01.805', 54.4857, 27.6901, 'cdf02027-0f81', 219),
('16:33:02.038', 42.724, 31.3018, 'cdf02027-0f81', 219),
('16:33:02.053', 34.7678, 31.7831, 'cdf02027-0f81', 219),
('16:33:02.239', 35.8558, 33.1567, 'cdf02027-0f81', 219),
('16:33:02.243', 47.5079, 28.473, 'cdf02027-0f81', 219),
('16:33:02.427', 47.6026, 31.1843, 'cdf02027-0f81', 219),
('16:33:02.432', 49.3754, 22.5912, 'cdf02027-0f81', 219),
('16:33:02.613', 53.5645, 23.75, 'cdf02027-0f81', 219),
('16:33:02.617', 53.1887, 21.2066, 'cdf02027-0f81', 219),
('16:33:02.816', 53.958, 21.9323, 'cdf02027-0f81', 219),
('16:33:02.820', 54.9647, 23.6479, 'cdf02027-0f81', 219),
('16:33:03.046', 59.4894, 19.2844, 'cdf02027-0f81', 219),
('16:33:03.051', 55.8532, 9.86063, 'cdf02027-0f81', 219),
('16:33:03.247', 44.9964, 19.5495, 'cdf02027-0f81', 219),
('16:33:03.252', 50.9718, 14.9282, 'cdf02027-0f81', 219),
('16:33:03.452', 45.9013, 33.5762, 'cdf02027-0f81', 219),
('16:33:03.471', 45.3521, 42.7674, 'cdf02027-0f81', 219),
('16:33:03.656', 43.9161, 69.7698, 'cdf02027-0f81', 219),
('16:33:03.660', 41.1099, 78.1119, 'cdf02027-0f81', 219),
('16:33:03.859', 35.7066, 83.7075, 'cdf02027-0f81', 219),
('16:33:03.864', 23.1266, 87.2113, 'cdf02027-0f81', 219),
('16:33:04.058', 27.6106, 85.0047, 'cdf02027-0f81', 219),
('16:33:04.064', 38.9587, 76.2702, 'cdf02027-0f81', 219),
('16:33:04.262', 39.9641, 70.1209, 'cdf02027-0f81', 219),
('16:33:04.265', 39.6906, 63.2543, 'cdf02027-0f81', 219),
('16:33:04.459', 40.7643, 61.4538, 'cdf02027-0f81', 219),
('16:33:04.465', 40.2617, 67.1676, 'cdf02027-0f81', 219),
('16:33:04.657', 35.4017, 74.5125, 'cdf02027-0f81', 219),
('16:33:04.660', 31.1561, 79.6527, 'cdf02027-0f81', 219),
('16:33:04.859', 28.8382, 78.5177, 'cdf02027-0f81', 219),
('16:33:04.864', 28.8597, 77.1471, 'cdf02027-0f81', 219),
('16:33:05.072', 35.4275, 79.4788, 'cdf02027-0f81', 219),
('16:33:05.076', 46.0367, 76.2948, 'cdf02027-0f81', 219),
('16:33:05.284', 53.1751, 67.8192, 'cdf02027-0f81', 219),
('16:33:05.289', 63.7674, 59.1232, 'cdf02027-0f81', 219),
('16:33:05.489', 57.7634, 66.7076, 'cdf02027-0f81', 219),
('16:33:05.494', 53.7076, 70.8747, 'cdf02027-0f81', 219),
('16:33:05.710', 45.801, 62.5153, 'cdf02027-0f81', 219),
('16:33:05.726', 41.6655, 63.5792, 'cdf02027-0f81', 219),
('16:33:05.884', 42.4311, 27.0752, 'cdf02027-0f81', 219),
('16:33:05.888', 34.8353, 25.9408, 'cdf02027-0f81', 219),
('16:33:06.101', 33.3017, 18.4669, 'cdf02027-0f81', 219),
('16:33:06.104', 28.8623, 17.1302, 'cdf02027-0f81', 219),
('16:33:06.312', 26.3507, 17.6552, 'cdf02027-0f81', 219),
('16:33:06.333', 27.2139, 15.9741, 'cdf02027-0f81', 219),
('16:33:06.509', 35.2821, 8.43848, 'cdf02027-0f81', 219),
('16:33:06.512', 32.9869, 8.48085, 'cdf02027-0f81', 219),
('16:33:06.778', 32.8195, 8.56004, 'cdf02027-0f81', 219),
('16:33:06.782', 32.1449, 7.54118, 'cdf02027-0f81', 219),
('16:33:06.977', 46.7716, 7.98355, 'cdf02027-0f81', 219),
('16:33:06.981', 43.3227, 8.22041, 'cdf02027-0f81', 219),
('16:33:07.197', 48.1085, 3.57241, 'cdf02027-0f81', 219),
('16:33:07.201', 58.2658, 14.3507, 'cdf02027-0f81', 219),
('16:33:07.402', 51.9056, 21.4508, 'cdf02027-0f81', 219),
('16:33:07.407', 49.2438, 30.0802, 'cdf02027-0f81', 219),
('16:33:07.606', 49.9642, 33.7362, 'cdf02027-0f81', 219),
('16:33:07.610', 48.3408, 34.6421, 'cdf02027-0f81', 219),
('16:33:07.830', 42.5462, 29.3509, 'cdf02027-0f81', 219),
('16:33:07.834', 26.1045, 27.6682, 'cdf02027-0f81', 219),
('16:33:08.022', 26.5771, 29.7572, 'cdf02027-0f81', 219),
('16:33:08.049', 36.1773, 31.4269, 'cdf02027-0f81', 219),
('16:33:08.223', 44.1828, 34.052, 'cdf02027-0f81', 219),
('16:33:08.227', 48.6259, 36.7794, 'cdf02027-0f81', 219),
('16:33:08.424', 49.7182, 37.5764, 'cdf02027-0f81', 219),
('16:33:08.429', 43.2098, 40.3828, 'cdf02027-0f81', 219),
('16:33:08.611', 40.9172, 40.0034, 'cdf02027-0f81', 219),
('16:33:08.616', 42.6124, 38.2472, 'cdf02027-0f81', 219),
('16:36:25.475', 28.3709, 29.4097, 'bcc09501-2fda', 165),
('16:36:25.603', 34.2901, 18.4734, 'bcc09501-2fda', 165),
('16:36:25.681', 28.4076, 12.4589, 'bcc09501-2fda', 165),
('16:36:25.794', 28.997, 5.07757, 'bcc09501-2fda', 165),
('16:36:25.903', 39.3751, 2.41186, 'bcc09501-2fda', 165),
('16:36:26.040', 45.7054, 2.53793, 'bcc09501-2fda', 165),
('16:36:26.135', 54.024, 0.311784, 'bcc09501-2fda', 165),
('16:36:26.248', 61.6076, 9.90086, 'bcc09501-2fda', 165),
('16:36:26.373', 53.7985, 21.8982, 'bcc09501-2fda', 165),
('16:36:26.508', 60.5467, 48.0969, 'bcc09501-2fda', 165),
('16:36:26.596', 51.8245, 55.6014, 'bcc09501-2fda', 165),
('16:36:26.716', 43.4038, 56.8066, 'bcc09501-2fda', 165),
('16:36:26.836', 45.7034, 58.6924, 'bcc09501-2fda', 165),
('16:36:26.951', 51.5668, 62.3126, 'bcc09501-2fda', 165),
('16:36:27.077', 51.4565, 66.6471, 'bcc09501-2fda', 165),
('16:36:27.188', 49.8723, 70.0802, 'bcc09501-2fda', 165),
('16:36:27.308', 55.1538, 72.9368, 'bcc09501-2fda', 165),
('16:36:27.448', 56.9132, 76.873, 'bcc09501-2fda', 165),
('16:36:27.560', 53.5016, 79.4954, 'bcc09501-2fda', 165),
('16:36:27.689', 49.1385, 82.6125, 'bcc09501-2fda', 165),
('16:36:27.810', 48.0342, 85.1618, 'bcc09501-2fda', 165),
('16:36:27.914', 44.262, 85.44, 'bcc09501-2fda', 165),
('16:36:28.033', 32.5513, 87.5591, 'bcc09501-2fda', 165),
('16:36:28.132', 29.5669, 88.7134, 'bcc09501-2fda', 165),
('16:36:28.237', 25.4288, 56.117, 'bcc09501-2fda', 165),
('16:36:28.348', 22.1274, 54.5482, 'bcc09501-2fda', 165),
('16:36:28.487', 25.114, 53.2628, 'bcc09501-2fda', 165),
('16:36:28.592', 23.9171, 54.174, 'bcc09501-2fda', 165),
('16:36:28.724', 21.8603, 53.415, 'bcc09501-2fda', 165),
('16:36:28.855', 27.377, 50.9496, 'bcc09501-2fda', 165),
('16:36:29.000', 36.6629, 41.894, 'bcc09501-2fda', 165),
('16:36:29.085', 38.3667, 31.4433, 'bcc09501-2fda', 165),
('16:36:29.192', 47.4866, 19.3822, 'bcc09501-2fda', 165),
('16:36:29.305', 60.5241, 12.5139, 'bcc09501-2fda', 165),
('16:36:29.412', 69.723, 4.19486, 'bcc09501-2fda', 165),
('16:37:20.746', 23.8176, 41.1775, '1aca90fb-ed26:16', 161),
('16:37:20.856', 31.8358, 33.8482, '1aca90fb-ed26:16', 161),
('16:37:20.965', 33.7586, 26.3043, '1aca90fb-ed26:16', 161),
('16:37:21.068', 32.9761, 28.6199, '1aca90fb-ed26:16', 161),
('16:37:21.175', 33.3423, 21.7164, '1aca90fb-ed26:16', 161),
('16:37:21.280', 33.5894, 19.2666, '1aca90fb-ed26:16', 161),
('16:37:21.387', 34.957, 17.9612, '1aca90fb-ed26:16', 161),
('16:37:21.510', 38.9098, 14.5067, '1aca90fb-ed26:16', 161),
('16:37:21.624', 37.0107, 13.3242, '1aca90fb-ed26:16', 161),
('16:37:21.743', 42.8595, 14.0758, '1aca90fb-ed26:16', 161),
('16:37:21.866', 45.5823, 17.4404, '1aca90fb-ed26:16', 161),
('16:37:21.964', 51.1701, 29.3957, '1aca90fb-ed26:16', 161),
('16:37:22.086', 54.4216, 34.1228, '1aca90fb-ed26:16', 161),
('16:37:22.200', 54.8981, 49.5872, '1aca90fb-ed26:16', 161),
('16:37:22.314', 56.8526, 49.0008, '1aca90fb-ed26:16', 161),
('16:37:22.422', 57.043, 58.0496, '1aca90fb-ed26:16', 161),
('16:37:22.552', 58.2601, 60.9007, '1aca90fb-ed26:16', 161),
('16:37:22.655', 52.0665, 60.0667, '1aca90fb-ed26:16', 161),
('16:37:22.766', 47.1899, 59.6467, '1aca90fb-ed26:16', 161),
('16:37:22.879', 48.7479, 65.5406, '1aca90fb-ed26:16', 161),
('16:37:23.002', 51.442, 69.6919, '1aca90fb-ed26:16', 161),
('16:37:23.122', 50.1934, 74.4005, '1aca90fb-ed26:16', 161),
('16:37:23.238', 46.8772, 58.0205, '1aca90fb-ed26:16', 161),
('16:37:23.372', 41.0371, 30.5078, '1aca90fb-ed26:16', 161),
('16:37:23.485', 53.7475, 26.0123, '1aca90fb-ed26:16', 161),
('16:37:23.604', 50.1727, 27.4608, '1aca90fb-ed26:16', 161),
('16:37:23.730', 47.8256, 28.6983, '1aca90fb-ed26:16', 161),
('16:37:23.871', 55.6284, 29.2961, '1aca90fb-ed26:16', 161),
('16:37:23.961', 66.5124, 27.663, '1aca90fb-ed26:16', 161),
('16:37:24.104', 65.9313, 24.2091, '1aca90fb-ed26:16', 161),
('16:37:24.209', 62.5769, 15.8864, '1aca90fb-ed26:16', 161),
('16:37:24.334', 63.0295, 11.1353, '1aca90fb-ed26:16', 161),
('16:37:24.448', 65.5356, 13.2959, '1aca90fb-ed26:16', 161),
('16:37:24.538', 67.8962, 16.6107, '1aca90fb-ed26:16', 161),
('16:37:24.648', 72.6586, 21.4091, '1aca90fb-ed26:16', 161),
('16:37:24.790', 73.3199, 23.3137, '1aca90fb-ed26:16', 161),
('16:37:24.896', 69.7547, 18.4057, '1aca90fb-ed26:16', 161),
('16:37:24.996', 76.3904, 16.6234, '1aca90fb-ed26:16', 161),
('16:37:25.101', 82.7032, 16.7641, '1aca90fb-ed26:16', 161),
('16:37:25.241', 86.5766, 12.6787, '1aca90fb-ed26:16', 161),
('16:37:25.351', 92.3017, 9.69791, '1aca90fb-ed26:16', 161),
('16:37:25.461', 98.8104, 6.42028, '1aca90fb-ed26:16', 161),
('16:37:25.557', 97.8496, 6.15219, '1aca90fb-ed26:16', 161),
('16:37:25.666', 94.0181, 4.34007, '1aca90fb-ed26:16', 161),
('16:37:26.250', 62.6199, 7.56544, '1aca90fb-ed26:16', 162),
('16:37:26.341', 54.6407, 13.685, '1aca90fb-ed26:16', 162),
('16:37:26.466', 46.9823, 28.2542, '1aca90fb-ed26:16', 162),
('16:37:26.564', 34.1484, 27.2867, '1aca90fb-ed26:16', 162),
('16:37:26.680', 35.0987, 31.8902, '1aca90fb-ed26:16', 162),
('16:37:26.808', 23.7564, 36.4672, '1aca90fb-ed26:16', 162),
('16:37:26.893', 28.0268, 35.3652, '1aca90fb-ed26:16', 162),
('16:37:27.002', 19.1155, 43.6113, '1aca90fb-ed26:16', 162),
('16:37:27.131', 33.674, 39.2601, '1aca90fb-ed26:16', 162),
('16:37:27.212', 34.7856, 31.9615, '1aca90fb-ed26:16', 162),
('16:37:27.319', 30.3132, 35.3089, '1aca90fb-ed26:16', 162),
('16:37:27.427', 29.917, 38.6605, '1aca90fb-ed26:16', 162),
('16:37:27.520', 31.5515, 41.2158, '1aca90fb-ed26:16', 162),
('16:37:27.624', 36.5223, 40.887, '1aca90fb-ed26:16', 162),
('16:37:27.731', 41.2335, 43.1847, '1aca90fb-ed26:16', 162),
('16:37:27.838', 50.8272, 36.3394, '1aca90fb-ed26:16', 162),
('16:37:27.947', 44.4764, 39.0008, '1aca90fb-ed26:16', 162),
('16:37:28.051', 38.131, 36.7984, '1aca90fb-ed26:16', 162),
('16:37:28.172', 30.5803, 31.6698, '1aca90fb-ed26:16', 162),
('16:37:28.282', 30.0022, 33.4063, '1aca90fb-ed26:16', 162),
('16:37:28.368', 24.7711, 30.0534, '1aca90fb-ed26:16', 162),
('16:37:28.472', 25.0157, 44.1996, '1aca90fb-ed26:16', 162),
('16:37:28.588', 19.8933, 52.9863, '1aca90fb-ed26:16', 162),
('16:37:28.692', 14.0837, 59.4969, '1aca90fb-ed26:16', 162),
('16:37:28.794', 10.9936, 67.5335, '1aca90fb-ed26:16', 162),
('16:37:28.891', 7.53729, 68.0224, '1aca90fb-ed26:16', 162),
('16:37:28.992', 6.03917, 77.533, '1aca90fb-ed26:16', 162),
('16:37:29.094', 3.84553, 80.5009, '1aca90fb-ed26:16', 162),
('16:37:29.197', 4.1455, 86.7146, '1aca90fb-ed26:16', 162),
('16:37:29.304', 0.668495, 89.9236, '1aca90fb-ed26:16', 162),
('16:37:29.410', 4.9735, 75.517, '1aca90fb-ed26:16', 162),
('16:37:29.514', 3.59326, 67.4632, '1aca90fb-ed26:16', 162),
('16:37:29.637', 4.15142, 62.2651, '1aca90fb-ed26:16', 162),
('16:37:29.718', 2.37755, 53.112, '1aca90fb-ed26:16', 162),
('16:37:30.044', 4.52606, 46.5012, '1aca90fb-ed26:16', 162),
('16:37:30.142', 2.39372, 41.8477, '1aca90fb-ed26:16', 162),
('16:37:30.231', 11.3098, 36.8882, '1aca90fb-ed26:16', 162),
('16:37:30.332', 5.63082, 38.4508, '1aca90fb-ed26:16', 162),
('16:37:30.432', 11.0631, 35.8653, '1aca90fb-ed26:16', 162),
('16:37:30.552', 10.8528, 41.7448, '1aca90fb-ed26:16', 162),
('16:37:30.647', 11.9138, 34.0782, '1aca90fb-ed26:16', 162),
('16:37:30.754', 11.0861, 28.8966, '1aca90fb-ed26:16', 162),
('16:37:30.850', 13.8115, 25.0513, '1aca90fb-ed26:16', 162),
('16:37:30.948', 19.7325, 20.948, '1aca90fb-ed26:16', 162),
('16:37:31.049', 20.1249, 23.1909, '1aca90fb-ed26:16', 162),
('16:37:31.159', 28.6536, 24.0782, '1aca90fb-ed26:16', 162),
('16:37:31.248', 41.3376, 20.9635, '1aca90fb-ed26:16', 162),
('16:37:31.352', 48.9541, 22.0893, '1aca90fb-ed26:16', 162),
('16:37:31.454', 43.7338, 12.8696, '1aca90fb-ed26:16', 162),
('16:37:31.556', 41.1992, 9.10725, '1aca90fb-ed26:16', 162),
('16:37:31.657', 42.5582, 10.8387, '1aca90fb-ed26:16', 162),
('16:37:31.769', 40.6288, 7.16543, '1aca90fb-ed26:16', 162),
('16:37:31.875', 41.944, 3.95027, '1aca90fb-ed26:16', 162),
('16:37:31.978', 45.3767, 2.07163, '1aca90fb-ed26:16', 162),
('16:37:32.110', 45.1325, 15.4823, '1aca90fb-ed26:16', 162),
('16:37:32.198', 49.5809, 10.0517, '1aca90fb-ed26:16', 162),
('16:37:32.300', 47.4743, 13.0302, '1aca90fb-ed26:16', 162),
('16:37:32.397', 48.5372, 20.3228, '1aca90fb-ed26:16', 162),
('16:37:32.503', 57.7195, 13.7589, '1aca90fb-ed26:16', 162),
('16:37:32.607', 62.0167, 0.878154, '1aca90fb-ed26:16', 162),
('16:37:32.713', 61.5364, 0.936593, '1aca90fb-ed26:16', 162),
('16:37:32.830', 68.578, 4.87613, '1aca90fb-ed26:16', 162),
('16:37:33.064', 69.542, 0.724582, '1aca90fb-ed26:16', 163),
('16:37:33.231', 82.7618, 1.31534, '1aca90fb-ed26:16', 163),
('16:37:33.236', 79.5153, 1.87905, '1aca90fb-ed26:16', 163),
('16:37:33.350', 79.9672, 8.58256, '1aca90fb-ed26:16', 163),
('16:37:33.537', 66.2397, 10.9676, '1aca90fb-ed26:16', 163),
('16:37:33.566', 58.3534, 13.6629, '1aca90fb-ed26:16', 163),
('16:37:33.678', 42.0444, 13.8285, '1aca90fb-ed26:16', 163),
('16:37:33.866', 45.8682, 13.8041, '1aca90fb-ed26:16', 163),
('16:37:33.870', 47.1518, 12.3364, '1aca90fb-ed26:16', 163),
('16:37:33.990', 42.6578, 16.6095, '1aca90fb-ed26:16', 163),
('16:37:34.184', 47.6334, 19.6168, '1aca90fb-ed26:16', 163),
('16:37:34.189', 43.9454, 23.0877, '1aca90fb-ed26:16', 163),
('16:37:34.313', 46.3777, 46.3132, '1aca90fb-ed26:16', 163),
('16:37:34.500', 49.1228, 53.3237, '1aca90fb-ed26:16', 163),
('16:37:34.504', 54.6977, 52.1926, '1aca90fb-ed26:16', 163),
('16:37:34.619', 64.4386, 53.9863, '1aca90fb-ed26:16', 163),
('16:37:34.808', 58.6005, 82.2207, '1aca90fb-ed26:16', 163),
('16:37:34.812', 57.4648, 81.9605, '1aca90fb-ed26:16', 163),
('16:37:34.929', 57.6625, 81.2522, '1aca90fb-ed26:16', 163),
('16:37:35.111', 60.9441, 81.9528, '1aca90fb-ed26:16', 163),
('16:37:35.115', 57.9585, 82.8087, '1aca90fb-ed26:16', 163),
('16:37:35.230', 54.9821, 83.0004, '1aca90fb-ed26:16', 163),
('16:37:35.430', 43.7484, 82.5589, '1aca90fb-ed26:16', 163),
('16:37:35.445', 54.326, 80.568, '1aca90fb-ed26:16', 163),
('16:37:35.543', 34.8843, 81.674, '1aca90fb-ed26:16', 163),
('16:37:35.732', 30.5698, 78.4115, '1aca90fb-ed26:16', 163),
('16:37:35.736', 22.4859, 82.4413, '1aca90fb-ed26:16', 163),
('16:37:35.859', 38.6822, 58.8773, '1aca90fb-ed26:16', 163),
('16:37:36.046', 34.7129, 42.0313, '1aca90fb-ed26:16', 163),
('16:37:36.051', 34.0901, 43.9693, '1aca90fb-ed26:16', 163),
('16:37:36.167', 45.2173, 43.1082, '1aca90fb-ed26:16', 163),
('16:37:36.361', 58.7161, 19.8349, '1aca90fb-ed26:16', 163),
('16:37:36.365', 69.4865, 19.6338, '1aca90fb-ed26:16', 163),
('16:37:36.478', 85.6955, 13.9992, '1aca90fb-ed26:16', 163),
('16:37:36.678', 76.9005, 10.4379, '1aca90fb-ed26:16', 163),
('16:37:36.694', 74.9652, 9.83196, '1aca90fb-ed26:16', 163),
('16:37:36.789', 62.9784, 7.97111, '1aca90fb-ed26:16', 163),
('16:37:36.953', 56.2423, 7.01621, '1aca90fb-ed26:16', 163),
('16:37:36.957', 58.0825, 7.27911, '1aca90fb-ed26:16', 163),
('16:37:37.082', 50.6723, 8.73413, '1aca90fb-ed26:16', 163),
('16:37:37.272', 45.3601, 9.35301, '1aca90fb-ed26:16', 163),
('16:37:37.276', 52.0517, 8.42326, '1aca90fb-ed26:16', 163),
('16:37:37.416', 55.5858, 11.3755, '1aca90fb-ed26:16', 163),
('16:37:37.576', 48.5203, 16.2782, '1aca90fb-ed26:16', 163),
('16:37:37.580', 41.7054, 19.8332, '1aca90fb-ed26:16', 163),
('16:37:37.694', 48.8852, 17.733, '1aca90fb-ed26:16', 163),
('16:37:37.892', 52.4099, 15.6693, '1aca90fb-ed26:16', 163),
('16:37:37.896', 55.9344, 11.7866, '1aca90fb-ed26:16', 163),
('16:37:38.005', 61.3903, 6.39014, '1aca90fb-ed26:16', 163),
('16:37:38.222', 69.4708, 3.92853, '1aca90fb-ed26:16', 163),
('16:37:38.227', 75.7535, 1.51159, '1aca90fb-ed26:16', 163),
('16:37:38.338', 72.7061, 1.58037, '1aca90fb-ed26:16', 163),
('16:37:38.514', 74.9298, 1.25988, '1aca90fb-ed26:16', 163),
('16:37:38.533', 77.7344, 3.30076, '1aca90fb-ed26:16', 163),
('16:42:18.485', 0.918327, 91.497, '0478750b-f41c', 160),
('16:42:20.636', 13.4062, 40.8012, '0478750b-f41c', 161),
('16:42:20.725', 24.453, 31.0538, '0478750b-f41c', 161),
('16:42:20.778', 32.2971, 26.8823, '0478750b-f41c', 161),
('16:42:20.853', 35.8993, 24.3312, '0478750b-f41c', 161),
('16:42:20.918', 42.0664, 20.4793, '0478750b-f41c', 161),
('16:42:20.985', 33.8727, 14.9321, '0478750b-f41c', 161),
('16:42:21.050', 23.8862, 12.0688, '0478750b-f41c', 161),
('16:42:21.115', 31.9095, 13.1908, '0478750b-f41c', 161),
('16:42:21.181', 35.0401, 21.9866, '0478750b-f41c', 161),
('16:42:21.252', 35.3185, 22.3951, '0478750b-f41c', 161),
('16:42:21.320', 30.5964, 26.0094, '0478750b-f41c', 161),
('16:42:21.400', 24.2546, 19.22, '0478750b-f41c', 161),
('16:42:21.469', 18.9891, 13.6116, '0478750b-f41c', 161),
('16:42:21.535', 14.4186, 7.14447, '0478750b-f41c', 161),
('16:42:21.603', 18.3242, 3.02568, '0478750b-f41c', 161),
('16:42:22.281', 44.9003, 3.72938, '0478750b-f41c', 162),
('16:42:22.354', 46.209, 11.187, '0478750b-f41c', 162),
('16:42:22.411', 53.4112, 15.7296, '0478750b-f41c', 162),
('16:42:22.490', 60.7804, 20.0157, '0478750b-f41c', 162),
('16:42:22.542', 68.3212, 18.02, '0478750b-f41c', 162),
('16:42:22.622', 69.6669, 24.4918, '0478750b-f41c', 162),
('16:42:22.673', 64.9342, 22.4226, '0478750b-f41c', 162),
('16:42:22.751', 65.037, 17.5192, '0478750b-f41c', 162),
('16:42:22.804', 66.7664, 26.3958, '0478750b-f41c', 162),
('16:42:22.878', 59.125, 20.0401, '0478750b-f41c', 162),
('16:42:22.927', 65.3507, 19.5714, '0478750b-f41c', 162),
('16:42:22.996', 67.3225, 24.0848, '0478750b-f41c', 162),
('16:42:23.043', 65.666, 20.0639, '0478750b-f41c', 162),
('16:42:23.118', 65.4025, 16.8759, '0478750b-f41c', 162),
('16:42:23.182', 49.7203, 16.4897, '0478750b-f41c', 162),
('16:42:23.230', 44.782, 9.07633, '0478750b-f41c', 162),
('16:42:23.326', 46.0678, 10.8181, '0478750b-f41c', 162),
('16:42:23.378', 49.647, 9.5815, '0478750b-f41c', 162),
('16:42:23.427', 56.0044, 26.6407, '0478750b-f41c', 162),
('16:42:23.498', 53.9347, 40.2878, '0478750b-f41c', 162),
('16:42:23.567', 54.9809, 41.853, '0478750b-f41c', 162),
('16:42:23.618', 54.0533, 47.0202, '0478750b-f41c', 162),
('16:42:23.691', 51.9603, 46.4066, '0478750b-f41c', 162),
('16:42:23.762', 58.8994, 40.6503, '0478750b-f41c', 162),
('16:42:23.814', 63.8313, 33.2895, '0478750b-f41c', 162),
('16:42:23.863', 67.8328, 32.6694, '0478750b-f41c', 162),
('16:42:23.933', 70.0454, 37.3068, '0478750b-f41c', 162),
('16:42:23.995', 66.1806, 50.2756, '0478750b-f41c', 162),
('16:42:24.058', 60.2093, 62.8853, '0478750b-f41c', 162),
('16:42:24.119', 54.8065, 81.7903, '0478750b-f41c', 162),
('16:42:24.604', 38.5365, 90.089, '0478750b-f41c', 162),
('16:42:24.669', 33.9745, 84.7284, '0478750b-f41c', 162),
('16:42:24.732', 15.8088, 88.0674, '0478750b-f41c', 162),
('16:42:24.787', 20.3627, 69.3323, '0478750b-f41c', 162),
('16:42:24.888', 12.3361, 56.9482, '0478750b-f41c', 162),
('16:42:24.939', 9.74148, 46.7582, '0478750b-f41c', 162),
('16:42:25.000', 12.2049, 40.5647, '0478750b-f41c', 162),
('16:42:25.049', 9.09319, 32.375, '0478750b-f41c', 162),
('16:42:25.130', 0.677039, 30.9536, '0478750b-f41c', 162),
('16:42:25.314', 9.95898, 27.2545, '0478750b-f41c', 162),
('16:42:25.364', 10.6738, 42.2872, '0478750b-f41c', 162),
('16:42:25.440', 23.3304, 32.4326, '0478750b-f41c', 162),
('16:42:25.490', 38.2643, 35.831, '0478750b-f41c', 162),
('16:42:25.565', 38.3507, 29.4769, '0478750b-f41c', 162),
('16:42:25.626', 43.8151, 27.1364, '0478750b-f41c', 162),
('16:42:25.676', 40.8378, 25.9933, '0478750b-f41c', 162),
('16:42:25.747', 33.6975, 28.0772, '0478750b-f41c', 162),
('16:42:25.795', 25.3216, 31.1792, '0478750b-f41c', 162),
('16:42:25.864', 9.40549, 28.7005, '0478750b-f41c', 162),
('16:42:25.912', 10.794, 21.2389, '0478750b-f41c', 162),
('16:42:25.982', 10.5519, 25.6183, '0478750b-f41c', 162),
('16:42:26.037', 11.2252, 20.3146, '0478750b-f41c', 162),
('16:42:26.117', 20.6737, 31.3662, '0478750b-f41c', 162),
('16:42:26.169', 31.3639, 40.7766, '0478750b-f41c', 162),
('16:42:26.240', 44.3427, 31.9729, '0478750b-f41c', 162),
('16:42:26.289', 55.1359, 22.5911, '0478750b-f41c', 162),
('16:42:26.361', 56.4523, 28.1517, '0478750b-f41c', 162),
('16:42:26.411', 51.0748, 33.357, '0478750b-f41c', 162),
('16:42:26.480', 52.8487, 42.977, '0478750b-f41c', 162),
('16:42:26.528', 50.8019, 43.1045, '0478750b-f41c', 162),
('16:42:26.603', 45.2223, 49.1476, '0478750b-f41c', 162),
('16:42:26.653', 43.5054, 54.89, '0478750b-f41c', 162),
('16:42:26.727', 47.4876, 52.8385, '0478750b-f41c', 162),
('16:42:26.791', 39.1661, 55.1842, '0478750b-f41c', 162),
('16:42:26.849', 44.5063, 44.6145, '0478750b-f41c', 162),
('16:42:26.900', 50.4789, 33.5173, '0478750b-f41c', 162),
('16:42:26.973', 55.5134, 31.1958, '0478750b-f41c', 162),
('16:42:27.024', 51.3404, 26.7603, '0478750b-f41c', 162),
('16:42:27.136', 52.1989, 16.1356, '0478750b-f41c', 162),
('16:42:27.169', 53.9731, 18.743, '0478750b-f41c', 162),
('16:42:27.244', 58.2714, 9.5301, '0478750b-f41c', 162),
('16:42:27.310', 68.2582, 2.79439, '0478750b-f41c', 162),
('16:42:27.862', 83.51, 4.62468, '0478750b-f41c', 162),
('16:42:27.933', 80.5081, 2.33661, '0478750b-f41c', 162),
('16:42:27.997', 82.6262, 13.2338, '0478750b-f41c', 162),
('16:42:28.050', 82.7874, 10.8057, '0478750b-f41c', 162),
('16:42:28.102', 81.667, 3.58605, '0478750b-f41c', 162),
('16:42:28.172', 85.5197, 7.66257, '0478750b-f41c', 162),
('16:42:28.222', 80.3394, 3.89962, '0478750b-f41c', 162),
('16:42:28.290', 79.554, 1.29897, '0478750b-f41c', 162),
('16:42:28.339', 80.7542, 3.80831, '0478750b-f41c', 162),
('16:42:28.419', 75.5173, 2.32331, '0478750b-f41c', 162),
('16:42:28.459', 73.8376, 2.45912, '0478750b-f41c', 162),
('16:42:28.533', 73.6086, 12.1217, '0478750b-f41c', 162),
('16:42:28.602', 73.0477, 14.6878, '0478750b-f41c', 162),
('16:42:28.683', 72.889, 10.8925, '0478750b-f41c', 162),
('16:42:28.714', 78.1261, 1.7354, '0478750b-f41c', 162),
('16:42:28.789', 74.1039, 3.76253, '0478750b-f41c', 162),
('16:42:28.838', 72.471, 7.40935, '0478750b-f41c', 162),
('16:42:28.907', 78.7211, 18.206, '0478750b-f41c', 162),
('16:42:28.959', 78.8385, 19.3296, '0478750b-f41c', 162),
('16:42:29.035', 79.3249, 11.4606, '0478750b-f41c', 162),
('16:42:29.086', 80.4848, 7.23773, '0478750b-f41c', 162),
('16:42:29.161', 75.6181, 18.4432, '0478750b-f41c', 162),
('16:42:29.214', 73.1266, 25.4138, '0478750b-f41c', 162),
('16:42:29.287', 73.427, 33.7178, '0478750b-f41c', 162),
('16:42:29.335', 70.4945, 34.4128, '0478750b-f41c', 162),
('16:42:29.413', 61.0357, 34.7182, '0478750b-f41c', 162),
('16:42:29.465', 64.3642, 35.6873, '0478750b-f41c', 162),
('16:42:29.536', 61.9824, 32.3632, '0478750b-f41c', 162),
('16:42:29.607', 53.8629, 26.466, '0478750b-f41c', 162),
('16:42:29.660', 43.9236, 26.596, '0478750b-f41c', 162),
('16:42:29.729', 38.275, 31.8407, '0478750b-f41c', 162),
('16:42:29.779', 42.6159, 29.3025, '0478750b-f41c', 162),
('16:42:29.850', 35.6488, 27.1327, '0478750b-f41c', 162),
('16:42:29.903', 39.6765, 43.1897, '0478750b-f41c', 162),
('16:42:29.977', 41.9725, 41.1817, '0478750b-f41c', 162),
('16:42:30.034', 38.8417, 31.8322, '0478750b-f41c', 162),
('16:42:30.105', 38.4913, 31.114, '0478750b-f41c', 162),
('16:42:30.156', 36.115, 32.2334, '0478750b-f41c', 162),
('16:42:30.226', 37.4179, 48.0812, '0478750b-f41c', 162),
('16:42:30.275', 34.5966, 46.6733, '0478750b-f41c', 162),
('16:42:30.344', 34.5985, 38.0581, '0478750b-f41c', 162),
('16:42:30.396', 38.1178, 36.5022, '0478750b-f41c', 162),
('16:42:30.467', 34.9374, 33.5634, '0478750b-f41c', 162),
('16:42:30.519', 33.833, 40.4631, '0478750b-f41c', 162),
('16:42:30.589', 35.8877, 46.3731, '0478750b-f41c', 162),
('16:42:30.638', 34.9056, 39.9416, '0478750b-f41c', 162),
('16:42:30.705', 25.0888, 47.9199, '0478750b-f41c', 162),
('16:42:30.757', 20.093, 56.4119, '0478750b-f41c', 162),
('16:42:30.829', 14.8397, 59.0618, '0478750b-f41c', 162),
('16:42:30.878', 10.6457, 61.0325, '0478750b-f41c', 162),
('16:42:30.955', 22.2584, 49.9619, '0478750b-f41c', 162),
('16:42:31.004', 32.4993, 45.0115, '0478750b-f41c', 162),
('16:42:31.081', 34.9189, 37.6341, '0478750b-f41c', 162),
('16:42:31.137', 35.8867, 40.4501, '0478750b-f41c', 162),
('16:42:31.210', 39.3423, 32.7815, '0478750b-f41c', 162),
('16:42:31.263', 40.6071, 29.0496, '0478750b-f41c', 162),
('16:42:31.339', 45.1899, 25.7882, '0478750b-f41c', 162),
('16:42:31.393', 51.4645, 12.4699, '0478750b-f41c', 162),
('16:42:31.492', 56.7106, 17.6161, '0478750b-f41c', 162),
('16:42:31.538', 57.6138, 18.6867, '0478750b-f41c', 162),
('16:42:31.594', 52.0805, 23.3062, '0478750b-f41c', 162),
('16:42:31.654', 52.5336, 22.2001, '0478750b-f41c', 162),
('16:42:31.721', 53.3477, 26.0439, '0478750b-f41c', 162),
('16:42:31.771', 55.8071, 23.5094, '0478750b-f41c', 162),
('16:42:31.846', 46.1091, 38.4864, '0478750b-f41c', 162),
('16:42:31.895', 32.2304, 49.6454, '0478750b-f41c', 162),
('16:42:31.969', 28.8758, 50.6197, '0478750b-f41c', 162),
('16:42:32.020', 30.4718, 44.618, '0478750b-f41c', 162),
('16:42:32.089', 21.6937, 31.7367, '0478750b-f41c', 162),
('16:42:32.141', 28.6325, 32.8518, '0478750b-f41c', 162),
('16:42:32.212', 21.6354, 37.5593, '0478750b-f41c', 162),
('16:42:32.261', 13.7074, 37.4645, '0478750b-f41c', 162),
('16:42:32.333', 11.966, 46.5502, '0478750b-f41c', 162),
('16:42:32.386', 12.7851, 37.9653, '0478750b-f41c', 162),
('16:42:32.461', 28.4073, 49.3922, '0478750b-f41c', 162),
('16:42:32.513', 35.5709, 47.4577, '0478750b-f41c', 162),
('16:42:32.587', 41.3875, 49.7553, '0478750b-f41c', 162),
('16:42:32.661', 54.8728, 57.5879, '0478750b-f41c', 162),
('16:42:32.712', 54.6411, 60.3092, '0478750b-f41c', 162),
('16:42:32.762', 61.8035, 57.7218, '0478750b-f41c', 162),
('16:42:32.834', 58.798, 53.3773, '0478750b-f41c', 162),
('16:42:32.883', 52.9706, 53.2796, '0478750b-f41c', 162),
('16:42:32.954', 56.9644, 46.076, '0478750b-f41c', 162),
('16:42:33.016', 61.2595, 46.6888, '0478750b-f41c', 162),
('16:42:33.079', 65.6043, 38.3619, '0478750b-f41c', 162),
('16:42:33.143', 73.5759, 38.3955, '0478750b-f41c', 162),
('16:42:33.206', 77.4377, 42.8759, '0478750b-f41c', 162),
('16:42:33.279', 81.8717, 21.1879, '0478750b-f41c', 162),
('16:42:33.344', 82.7077, 13.6205, '0478750b-f41c', 162),
('16:42:33.395', 86.8342, 2.89654, '0478750b-f41c', 162),
('16:42:33.493', 91.3235, 2.08258, '0478750b-f41c', 162),
('16:42:33.535', 76.7617, 6.08671, '0478750b-f41c', 162),
('16:42:33.586', 69.6635, 19.9643, '0478750b-f41c', 162),
('16:42:33.658', 69.1335, 26.669, '0478750b-f41c', 162),
('16:42:33.707', 67.2863, 33.6276, '0478750b-f41c', 162),
('16:42:33.783', 75.8532, 24.4016, '0478750b-f41c', 162),
('16:42:33.844', 79.9786, 15.5771, '0478750b-f41c', 162),
('16:42:33.893', 85.6112, 8.68808, '0478750b-f41c', 162),
('16:42:33.963', 85.5837, 2.50569, '0478750b-f41c', 162),
('16:42:34.131', 79.805, 8.11515, '0478750b-f41c', 162),
('16:42:34.233', 81.0036, 4.63675, '0478750b-f41c', 162),
('16:42:34.343', 82.9181, 0.999085, '0478750b-f41c', 162),
('16:42:34.465', 90.3653, 4.20141, '0478750b-f41c', 162),
('16:42:34.539', 91.9842, 7.28757, '0478750b-f41c', 162),
('16:42:34.601', 80.9429, 18.0558, '0478750b-f41c', 162),
('16:42:34.651', 71.4462, 24.4481, '0478750b-f41c', 162),
('16:42:34.724', 72.7439, 25.8581, '0478750b-f41c', 162),
('16:42:34.773', 70.394, 20.7205, '0478750b-f41c', 162),
('16:42:34.844', 73.7382, 16.2508, '0478750b-f41c', 162),
('16:42:34.894', 74.7561, 13.9888, '0478750b-f41c', 162),
('16:42:34.968', 78.6359, 3.14559, '0478750b-f41c', 162),
('16:42:35.026', 74.7494, 0.243253, '0478750b-f41c', 162),
('16:42:35.531', 59.6822, 4.73546, '0478750b-f41c', 162),
('16:42:35.601', 56.2026, 5.6151, '0478750b-f41c', 162),
('16:42:35.649', 57.3106, 13.1101, '0478750b-f41c', 162),
('16:42:35.734', 62.0915, 12.6152, '0478750b-f41c', 162),
('16:42:35.774', 61.0547, 14.7837, '0478750b-f41c', 162),
('16:42:35.849', 66.3326, 10.674, '0478750b-f41c', 162),
('16:42:35.922', 64.8096, 13.8418, '0478750b-f41c', 162),
('16:42:35.971', 68.8916, 17.8016, '0478750b-f41c', 162),
('16:42:36.033', 70.6733, 17.0666, '0478750b-f41c', 162),
('16:42:36.097', 80.6601, 22.1564, '0478750b-f41c', 162),
('16:42:36.161', 85.0388, 26.9422, '0478750b-f41c', 162),
('16:42:36.229', 84.158, 20.4545, '0478750b-f41c', 162),
('16:42:36.293', 84.0074, 16.7941, '0478750b-f41c', 162),
('16:42:36.356', 94.339, 12.5284, '0478750b-f41c', 162),
('16:42:36.420', 95.1769, 8.2528, '0478750b-f41c', 162),
('16:42:36.482', 86.9686, 15.257, '0478750b-f41c', 162),
('16:42:36.541', 87.521, 19.3542, '0478750b-f41c', 162),
('16:42:36.595', 88.2362, 20.2852, '0478750b-f41c', 162),
('16:42:36.710', 93.3886, 9.62468, '0478750b-f41c', 163),
('16:42:36.809', 93.1972, 7.1844, '0478750b-f41c', 163),
('16:42:36.811', 94.233, 6.05896, '0478750b-f41c', 163),
('16:42:36.898', 87.229, 9.59456, '0478750b-f41c', 163),
('16:42:36.994', 74.3314, 9.66617, '0478750b-f41c', 163),
('16:42:36.996', 79.2867, 10.3836, '0478750b-f41c', 163),
('16:42:37.075', 64.5951, 7.00384, '0478750b-f41c', 163),
('16:42:37.194', 49.9039, 7.05561, '0478750b-f41c', 163),
('16:42:37.196', 55.1333, 6.87392, '0478750b-f41c', 163),
('16:42:37.275', 31.9521, 8.98157, '0478750b-f41c', 163),
('16:42:37.373', 28.3106, 8.68475, '0478750b-f41c', 163),
('16:42:37.375', 20.4184, 6.51883, '0478750b-f41c', 163),
('16:42:37.463', 8.30684, 11.885, '0478750b-f41c', 163),
('16:42:37.923', 10.2876, 13.428, '0478750b-f41c', 163),
('16:42:37.926', 1.84036, 14.7312, '0478750b-f41c', 163),
('16:42:38.010', 28.6801, 20.0266, '0478750b-f41c', 163),
('16:42:38.129', 36.7574, 22.4895, '0478750b-f41c', 163),
('16:42:38.132', 40.7648, 24.9029, '0478750b-f41c', 163),
('16:42:38.204', 40.3552, 30.1829, '0478750b-f41c', 163),
('16:42:38.339', 43.6072, 36.0757, '0478750b-f41c', 163),
('16:42:38.343', 43.4051, 37.0908, '0478750b-f41c', 163),
('16:42:38.399', 40.1645, 45.5141, '0478750b-f41c', 163),
('16:42:38.518', 50.1789, 54.2138, '0478750b-f41c', 163),
('16:42:38.520', 46.7406, 54.7362, '0478750b-f41c', 163),
('16:42:38.597', 35.8883, 57.1678, '0478750b-f41c', 163),
('16:42:38.719', 34.9294, 60.4931, '0478750b-f41c', 163),
('16:42:38.722', 40.0122, 60.0189, '0478750b-f41c', 163),
('16:42:38.802', 29.8291, 77.5206, '0478750b-f41c', 163),
('16:42:38.913', 27.3176, 83.4966, '0478750b-f41c', 163),
('16:42:38.915', 27.4726, 81.5015, '0478750b-f41c', 163),
('16:42:38.992', 29.7281, 76.2723, '0478750b-f41c', 163),
('16:42:39.111', 34.7735, 74.717, '0478750b-f41c', 163),
('16:42:39.114', 37.7503, 75.8645, '0478750b-f41c', 163),
('16:42:39.186', 36.0789, 75.3196, '0478750b-f41c', 163),
('16:42:39.299', 43.3196, 75.4787, '0478750b-f41c', 163),
('16:42:39.301', 44.8026, 78.8653, '0478750b-f41c', 163),
('16:42:39.377', 53.5251, 79.2813, '0478750b-f41c', 163),
('16:42:39.491', 59.151, 79.7232, '0478750b-f41c', 163),
('16:42:39.493', 56.704, 77.8517, '0478750b-f41c', 163),
('16:42:39.564', 64.5392, 76.1161, '0478750b-f41c', 163),
('16:42:39.677', 68.4084, 76.462, '0478750b-f41c', 163),
('16:42:39.694', 75.799, 78.6944, '0478750b-f41c', 163),
('16:42:39.751', 68.6014, 78.7095, '0478750b-f41c', 163),
('16:42:39.863', 65.9228, 74.8893, '0478750b-f41c', 163),
('16:42:39.868', 65.8878, 74.3128, '0478750b-f41c', 163),
('16:42:39.936', 62.7277, 68.4737, '0478750b-f41c', 163),
('16:42:40.049', 47.3961, 79.4988, '0478750b-f41c', 163),
('16:42:40.051', 53.2356, 75.2761, '0478750b-f41c', 163),
('16:42:40.102', 44.5161, 85.6519, '0478750b-f41c', 163),
('16:42:40.181', 43.6309, 90.4807, '0478750b-f41c', 163),
('16:42:40.278', 44.8037, 94.9795, '0478750b-f41c', 163),
('16:42:40.281', 43.0086, 97.6455, '0478750b-f41c', 163),
('16:42:40.359', 38.0382, 95.7088, '0478750b-f41c', 163),
('16:42:40.470', 29.7259, 88.7399, '0478750b-f41c', 163),
('16:42:40.473', 34.94, 92.5115, '0478750b-f41c', 163),
('16:42:40.545', 29.5021, 83.6725, '0478750b-f41c', 163),
('16:42:40.658', 28.5581, 78.7484, '0478750b-f41c', 163),
('16:42:40.678', 23.9472, 75.2419, '0478750b-f41c', 163),
('16:42:40.729', 12.868, 72.0002, '0478750b-f41c', 163),
('16:42:40.841', 15.4086, 70.2283, '0478750b-f41c', 163),
('16:42:40.843', 18.2453, 70.0356, '0478750b-f41c', 163),
('16:42:40.917', 17.8841, 71.8558, '0478750b-f41c', 163),
('16:42:41.052', 26.4803, 70.509, '0478750b-f41c', 163),
('16:42:41.056', 37.4572, 65.4534, '0478750b-f41c', 163),
('16:42:41.130', 44.8986, 63.9097, '0478750b-f41c', 163),
('16:42:41.220', 71.1532, 63.1501, '0478750b-f41c', 163),
('16:42:41.223', 60.8075, 62.7461, '0478750b-f41c', 163),
('16:42:41.296', 72.1158, 67.6597, '0478750b-f41c', 163),
('16:42:41.408', 66.4963, 66.5952, '0478750b-f41c', 163),
('16:42:41.410', 67.0585, 67.8607, '0478750b-f41c', 163),
('16:42:41.504', 63.5817, 65.8422, '0478750b-f41c', 163),
('16:42:41.600', 57.69, 65.3327, '0478750b-f41c', 163),
('16:42:41.627', 60.0174, 65.4691, '0478750b-f41c', 163),
('16:42:41.679', 56.2172, 65.5595, '0478750b-f41c', 163),
('16:42:41.795', 69.1341, 68.1992, '0478750b-f41c', 163),
('16:42:41.798', 79.3803, 72.4678, '0478750b-f41c', 163),
('16:42:41.870', 87.0585, 69.0678, '0478750b-f41c', 163),
('16:42:41.994', 91.9503, 70.5343, '0478750b-f41c', 163),
('16:42:41.996', 87.4391, 69.4111, '0478750b-f41c', 163),
('16:42:42.066', 88.609, 67.2328, '0478750b-f41c', 163),
('16:42:42.179', 98.8791, 37.4171, '0478750b-f41c', 163),
('16:42:42.733', 64.8351, 0.334635, '0478750b-f41c', 163),
('16:42:42.752', 69.6202, 3.05024, '0478750b-f41c', 163),
('16:42:42.809', 68.6995, 3.88919, '0478750b-f41c', 163),
('16:42:42.919', 81.3328, 6.39477, '0478750b-f41c', 163),
('16:42:42.921', 74.3621, 5.36539, '0478750b-f41c', 163),
('16:42:42.991', 82.9916, 7.00656, '0478750b-f41c', 163),
('16:42:43.101', 87.2069, 6.5517, '0478750b-f41c', 163),
('16:42:43.104', 90.7471, 6.11807, '0478750b-f41c', 163),
('16:42:43.175', 95.4026, 4.04555, '0478750b-f41c', 163),
('16:42:43.288', 98.4275, 2.51048, '0478750b-f41c', 163);

--
-- Indici per le tabelle scaricate
--

--
-- Indici per le tabelle `etdv_page`
--
ALTER TABLE `etdv_page`
  ADD PRIMARY KEY (`id`),
  ADD KEY `test-page` (`cod_test`);

--
-- Indici per le tabelle `etdv_test`
--
ALTER TABLE `etdv_test`
  ADD PRIMARY KEY (`id`),
  ADD KEY `user-test` (`cod_creator`);

--
-- Indici per le tabelle `etdv_user`
--
ALTER TABLE `etdv_user`
  ADD PRIMARY KEY (`id`);

--
-- Indici per le tabelle `etdv_webgazer_data`
--
ALTER TABLE `etdv_webgazer_data`
  ADD PRIMARY KEY (`instant`,`anonym_user_index`),
  ADD KEY `data-page` (`cod_page`);

--
-- AUTO_INCREMENT per le tabelle scaricate
--

--
-- AUTO_INCREMENT per la tabella `etdv_page`
--
ALTER TABLE `etdv_page`
  MODIFY `id` int(11) NOT NULL AUTO_INCREMENT, AUTO_INCREMENT=220;

--
-- AUTO_INCREMENT per la tabella `etdv_test`
--
ALTER TABLE `etdv_test`
  MODIFY `id` int(11) NOT NULL AUTO_INCREMENT, AUTO_INCREMENT=184;

--
-- AUTO_INCREMENT per la tabella `etdv_user`
--
ALTER TABLE `etdv_user`
  MODIFY `id` int(11) NOT NULL AUTO_INCREMENT, AUTO_INCREMENT=21;

--
-- Limiti per le tabelle scaricate
--

--
-- Limiti per la tabella `etdv_page`
--
ALTER TABLE `etdv_page`
  ADD CONSTRAINT `test-page` FOREIGN KEY (`cod_test`) REFERENCES `etdv_test` (`id`) ON DELETE CASCADE ON UPDATE CASCADE;

--
-- Limiti per la tabella `etdv_webgazer_data`
--
ALTER TABLE `etdv_webgazer_data`
  ADD CONSTRAINT `data-page` FOREIGN KEY (`cod_page`) REFERENCES `etdv_page` (`id`) ON DELETE CASCADE ON UPDATE CASCADE;
COMMIT;

/*!40101 SET CHARACTER_SET_CLIENT=@OLD_CHARACTER_SET_CLIENT */;
/*!40101 SET CHARACTER_SET_RESULTS=@OLD_CHARACTER_SET_RESULTS */;
/*!40101 SET COLLATION_CONNECTION=@OLD_COLLATION_CONNECTION */;
