-- phpMyAdmin SQL Dump
-- version 5.2.1
-- https://www.phpmyadmin.net/
--
-- Host: 127.0.0.1
-- Creato il: Set 21, 2024 alle 11:30
-- Versione del server: 10.4.28-MariaDB
-- Versione PHP: 8.2.4

SET SQL_MODE = "NO_AUTO_VALUE_ON_ZERO";
START TRANSACTION;
SET time_zone = "+00:00";


/*!40101 SET @OLD_CHARACTER_SET_CLIENT=@@CHARACTER_SET_CLIENT */;
/*!40101 SET @OLD_CHARACTER_SET_RESULTS=@@CHARACTER_SET_RESULTS */;
/*!40101 SET @OLD_COLLATION_CONNECTION=@@COLLATION_CONNECTION */;
/*!40101 SET NAMES utf8mb4 */;

--
-- Database: `gazetrackerdb`
--

-- --------------------------------------------------------

--
-- Struttura della tabella `etdv_page`
--

CREATE TABLE `etdv_page` (
  `id` int(11) NOT NULL,
  `name` varchar(30) NOT NULL,
  `cod_test` int(11) NOT NULL,
  `link` varchar(200) DEFAULT NULL,
  `image` varchar(200) DEFAULT NULL,
  `text` text DEFAULT NULL,
  `max_time` time NOT NULL
) ENGINE=InnoDB DEFAULT CHARSET=utf8mb4 COLLATE=utf8mb4_general_ci;

--
-- Dump dei dati per la tabella `etdv_page`
--

INSERT INTO `etdv_page` (`id`, `name`, `cod_test`, `link`, `image`, `text`, `max_time`) VALUES
(160, 'Spiegazione', 125, NULL, NULL, 'Questo è un test di UX Design.', '00:23:00'),
(161, 'Purple', 125, NULL, '15_125_161.jpg', NULL, '00:05:00'),
(162, 'Link Wiki', 125, 'https://it.wikipedia.org/wiki/User_experience_design', NULL, NULL, '00:04:00'),
(163, 'Food', 125, NULL, '15_125_163.png', NULL, '00:15:00'),
(164, 'Titolo', 126, NULL, NULL, 'Una selezione di paesaggi.', '00:10:00'),
(165, 'Il lago', 126, NULL, '15_126_165.jpg', NULL, '00:16:00'),
(169, 'Titolo', 139, NULL, NULL, 'Questo test non è attivo.', '00:15:00'),
(170, 'as', 140, NULL, NULL, 's', '00:10:00');

-- --------------------------------------------------------

--
-- Struttura della tabella `etdv_test`
--

CREATE TABLE `etdv_test` (
  `id` int(11) NOT NULL,
  `name` varchar(50) NOT NULL,
  `cod_creator` int(11) NOT NULL,
  `active` tinyint(1) NOT NULL
) ENGINE=InnoDB DEFAULT CHARSET=utf8mb4 COLLATE=utf8mb4_general_ci;

--
-- Dump dei dati per la tabella `etdv_test`
--

INSERT INTO `etdv_test` (`id`, `name`, `cod_creator`, `active`) VALUES
(125, 'UX Design', 15, 1),
(126, 'Landscapes', 15, 1),
(138, 'Test Vuoto', 15, 1),
(139, 'Test non attivo', 15, 0);

-- --------------------------------------------------------

--
-- Struttura della tabella `etdv_user`
--

CREATE TABLE `etdv_user` (
  `id` int(11) NOT NULL,
  `email` varchar(50) NOT NULL,
  `password` varchar(128) NOT NULL,
  `type` varchar(1) NOT NULL,
  `salt` varchar(128) NOT NULL
) ENGINE=InnoDB DEFAULT CHARSET=utf8mb4 COLLATE=utf8mb4_general_ci;

--
-- Dump dei dati per la tabella `etdv_user`
--

INSERT INTO `etdv_user` (`id`, `email`, `password`, `type`, `salt`) VALUES
(15, 'silvia@gmail.com', '75582c0917ce4ac8c0e4ab1bb7ce11ca9e8918fda02e22eaa9cf0588ed1449201825df0a264cbc26c177541f5be48e56b7c905da170375b4b2f3004514ddd808', 'C', '2ec6207126bb9963673ba4f9c88306d5ab70ad5623363af17f98c38ffbeb30d8283d4408d68e14cc29aa41e5e42754c35918ffa98ccf705bffeb2b288e65d642'),
(16, 'filippo@gmail.com', 'b2e16f9b93d645250a9c71051e8761f88398a7730c5b127ef82cc5378116d667d622253ff2ecae3432abd39fa5ef700b70f2834301d2e67a680e28d500340f5e', 'T', 'a603d5054de2c3c4ac8e3557922f4ab9b0431012dafaa733f3609e912d1a9c2e011f57c7e6d574d1116a06576bbb9ba7a39e2cedcdd380f27970aff48e47b28e'),
(17, 'simone@gmail.com', '5e7d45a057da81b5b0ebdae75208f66cbd64e1c71561338fc0066dcf79b760891eae5c2fd1105a7703f2fda541fceac3bc42070ef5da3f5f53287e401a6beae1', 'T', 'f696d7e2f0f8d1b32f091e944c1bf03c56b4884a8b7a22ba13f1bee6e5b26d65a3703e284bd629de94d29070cae22eba31c01b4ad63bf9b65feafe74dea46c5c'),
(18, 'sara@gmail.com', 'cbe36e0b289a247740a174e3c1d62945ce6239a58b87171ee9d4a346cad5c1628f4e9c449f3cb42b28ac6ee0090098ee83faedf76173a280fc6fb07540bbe5bb', 'C', 'e446384c49771397c921906ad91aa38ca55a974b9d557f47bb814712c1e1add046e1ff05011f0d25b8c3c54ac53be86354dbbece02b18da643c6735767f42e66');

-- --------------------------------------------------------

--
-- Struttura della tabella `etdv_webgazer_data`
--

CREATE TABLE `etdv_webgazer_data` (
  `instant` time(3) NOT NULL,
  `x` float NOT NULL,
  `y` float NOT NULL,
  `anonym_user_index` varchar(16) NOT NULL,
  `cod_page` int(11) NOT NULL
) ENGINE=InnoDB DEFAULT CHARSET=utf8mb4 COLLATE=utf8mb4_general_ci;

--
-- Dump dei dati per la tabella `etdv_webgazer_data`
--

INSERT INTO `etdv_webgazer_data` (`instant`, `x`, `y`, `anonym_user_index`, `cod_page`) VALUES
('11:29:05.076', 3.37208, 90.6556, '38994e8c-2bcb', 160),
('11:29:09.169', 19.1164, 76.3015, '38994e8c-2bcb', 161),
('11:29:09.188', 25.9684, 74.9257, '38994e8c-2bcb', 161),
('11:29:09.244', 35.9593, 72.1596, '38994e8c-2bcb', 161),
('11:29:09.284', 34.6258, 70.089, '38994e8c-2bcb', 161),
('11:29:09.321', 37.8624, 68.5563, '38994e8c-2bcb', 161),
('11:29:09.397', 43.2664, 64.4357, '38994e8c-2bcb', 161),
('11:29:09.421', 44.9615, 62.7248, '38994e8c-2bcb', 161),
('11:29:09.453', 46.5525, 55.7259, '38994e8c-2bcb', 161),
('11:29:09.510', 47.274, 52.0877, '38994e8c-2bcb', 161),
('11:29:09.559', 50.1874, 52.6994, '38994e8c-2bcb', 161),
('11:29:09.593', 52.707, 43.4703, '38994e8c-2bcb', 161),
('11:29:09.650', 56.5851, 45.709, '38994e8c-2bcb', 161),
('11:29:09.683', 65.7647, 38.5804, '38994e8c-2bcb', 161),
('11:29:09.718', 74.2582, 41.3795, '38994e8c-2bcb', 161),
('11:29:09.754', 78.6229, 38.7591, '38994e8c-2bcb', 161),
('11:29:09.799', 79.9223, 39.7031, '38994e8c-2bcb', 161),
('11:29:09.834', 76.1405, 41.0361, '38994e8c-2bcb', 161),
('11:29:09.869', 75.9224, 47.8031, '38994e8c-2bcb', 161),
('11:29:09.901', 50.0484, 55.1411, '38994e8c-2bcb', 161),
('11:29:09.935', 30.3955, 55.3469, '38994e8c-2bcb', 161),
('11:29:09.984', 9.4513, 59.8191, '38994e8c-2bcb', 161),
('11:29:10.066', 7.52116, 70.2207, '38994e8c-2bcb', 161),
('11:29:10.105', 18.0725, 64.7902, '38994e8c-2bcb', 161),
('11:29:10.154', 28.2155, 48.7417, '38994e8c-2bcb', 161),
('11:29:10.194', 40.2079, 37.8735, '38994e8c-2bcb', 161),
('11:29:10.237', 54.8375, 22.4038, '38994e8c-2bcb', 161),
('11:29:10.276', 62.9929, 9.2195, '38994e8c-2bcb', 161),
('11:29:10.326', 69.5431, 5.43721, '38994e8c-2bcb', 161),
('11:29:10.372', 81.3079, 2.35305, '38994e8c-2bcb', 161),
('11:29:10.421', 85.2119, 2.37768, '38994e8c-2bcb', 161),
('11:29:10.470', 88.3805, 3.8374, '38994e8c-2bcb', 161),
('11:29:10.510', 82.413, 14.1386, '38994e8c-2bcb', 161),
('11:29:10.550', 77.6015, 21.6314, '38994e8c-2bcb', 161),
('11:29:10.583', 67.7395, 29.8923, '38994e8c-2bcb', 161),
('11:29:10.622', 65.7023, 36.3766, '38994e8c-2bcb', 161),
('11:29:10.671', 58.2334, 43.2523, '38994e8c-2bcb', 161),
('11:29:10.719', 52.6878, 50.5554, '38994e8c-2bcb', 161),
('11:29:10.760', 47.6038, 55.6289, '38994e8c-2bcb', 161),
('11:29:10.817', 43.2966, 58.7284, '38994e8c-2bcb', 161),
('11:29:10.835', 40.5102, 60.6789, '38994e8c-2bcb', 161),
('11:29:10.899', 42.3625, 61.8472, '38994e8c-2bcb', 161),
('11:29:10.919', 40.8569, 61.7738, '38994e8c-2bcb', 161),
('11:29:10.953', 46.3254, 63.8871, '38994e8c-2bcb', 161),
('11:29:11.021', 46.9437, 63.822, '38994e8c-2bcb', 161),
('11:29:11.053', 51.9812, 62.8878, '38994e8c-2bcb', 161),
('11:29:11.095', 52.7353, 61.9544, '38994e8c-2bcb', 161),
('11:29:11.133', 53.7154, 63.0708, '38994e8c-2bcb', 161),
('11:29:11.177', 49.6797, 62.3951, '38994e8c-2bcb', 161),
('11:29:11.233', 46.6317, 64.2867, '38994e8c-2bcb', 161),
('11:29:11.274', 45.1493, 64.908, '38994e8c-2bcb', 161),
('11:29:11.321', 44.4883, 66.3847, '38994e8c-2bcb', 161),
('11:29:11.369', 41.4444, 65.9476, '38994e8c-2bcb', 161),
('11:29:11.402', 39.2515, 66.0132, '38994e8c-2bcb', 161),
('11:29:11.467', 39.9254, 64.6266, '38994e8c-2bcb', 161),
('11:29:11.482', 38.226, 64.6209, '38994e8c-2bcb', 161),
('11:29:11.524', 37.5716, 63.5945, '38994e8c-2bcb', 161),
('11:29:11.575', 37.4462, 63.7055, '38994e8c-2bcb', 161),
('11:29:11.620', 36.0919, 63.9238, '38994e8c-2bcb', 161),
('11:29:11.655', 37.7942, 64.2337, '38994e8c-2bcb', 161),
('11:29:11.702', 36.0364, 64.5272, '38994e8c-2bcb', 161),
('11:29:11.759', 34.2945, 66.8019, '38994e8c-2bcb', 161),
('11:29:11.786', 30.0176, 69.6901, '38994e8c-2bcb', 161),
('11:29:11.817', 29.7621, 71.717, '38994e8c-2bcb', 161),
('11:29:11.856', 28.6801, 74.226, '38994e8c-2bcb', 161),
('11:29:11.904', 24.9263, 75.5453, '38994e8c-2bcb', 161),
('11:29:11.953', 22.2415, 74.6668, '38994e8c-2bcb', 161),
('11:29:12.001', 23.4181, 72.3838, '38994e8c-2bcb', 161),
('11:29:12.043', 24.5528, 69.5473, '38994e8c-2bcb', 161),
('11:29:12.083', 24.4261, 68.386, '38994e8c-2bcb', 161),
('11:29:12.122', 23.3713, 65.4982, '38994e8c-2bcb', 161),
('11:29:12.174', 23.3401, 61.9519, '38994e8c-2bcb', 161),
('11:29:12.218', 24.8018, 58.8202, '38994e8c-2bcb', 161),
('11:29:12.250', 24.1451, 56.6018, '38994e8c-2bcb', 161),
('11:29:12.283', 25.2409, 54.4514, '38994e8c-2bcb', 161),
('11:29:12.348', 25.045, 54.3246, '38994e8c-2bcb', 161),
('11:29:12.388', 23.8182, 52.3047, '38994e8c-2bcb', 161),
('11:29:12.402', 23.3242, 50.6022, '38994e8c-2bcb', 161),
('11:29:12.447', 20.5921, 49.8308, '38994e8c-2bcb', 161),
('11:29:12.493', 18.4976, 49.2509, '38994e8c-2bcb', 161),
('11:29:12.542', 16.7995, 50.5868, '38994e8c-2bcb', 161),
('11:29:12.582', 19.33, 49.8668, '38994e8c-2bcb', 161),
('11:29:12.589', 19.7422, 49.4458, '38994e8c-2bcb', 161),
('11:29:12.631', 19.2832, 49.6481, '38994e8c-2bcb', 161),
('11:29:12.670', 19.9251, 49.8618, '38994e8c-2bcb', 161),
('11:29:12.728', 19.7092, 52.2987, '38994e8c-2bcb', 161),
('11:29:12.769', 17.7252, 54.4736, '38994e8c-2bcb', 161),
('11:29:12.809', 15.9095, 54.7497, '38994e8c-2bcb', 161),
('11:29:12.850', 17.5472, 57.9274, '38994e8c-2bcb', 161),
('11:29:12.883', 18.0576, 62.1777, '38994e8c-2bcb', 161),
('11:29:12.922', 16.8891, 65.1067, '38994e8c-2bcb', 161),
('11:29:12.997', 20.036, 64.9012, '38994e8c-2bcb', 161),
('11:29:13.017', 20.9868, 59.4936, '38994e8c-2bcb', 161),
('11:29:13.070', 25.6446, 49.7857, '38994e8c-2bcb', 161),
('11:29:13.127', 29.2929, 39.9269, '38994e8c-2bcb', 161),
('11:29:13.150', 33.7424, 31.4556, '38994e8c-2bcb', 161),
('11:29:13.193', 34.8347, 25.5174, '38994e8c-2bcb', 161),
('11:29:13.231', 34.5683, 17.1859, '38994e8c-2bcb', 161),
('11:29:13.267', 34.3975, 12.8558, '38994e8c-2bcb', 161),
('11:29:13.299', 33.7225, 8.84362, '38994e8c-2bcb', 161),
('11:29:13.342', 32.5839, 6.30665, '38994e8c-2bcb', 161),
('11:29:13.449', 51.4276, 4.54305, '38994e8c-2bcb', 161),
('11:29:13.481', 55.1234, 14.0708, '38994e8c-2bcb', 161),
('11:29:13.514', 61.5879, 23.2792, '38994e8c-2bcb', 161),
('11:29:13.577', 61.727, 32.1529, '38994e8c-2bcb', 161),
('11:29:13.597', 63.1479, 36.9047, '38994e8c-2bcb', 161),
('11:29:13.635', 66.6451, 42.7101, '38994e8c-2bcb', 161),
('11:29:13.715', 68.4683, 46.7172, '38994e8c-2bcb', 161),
('11:29:13.740', 75.233, 44.0283, '38994e8c-2bcb', 161),
('11:29:13.784', 81.9764, 32.9349, '38994e8c-2bcb', 161),
('11:29:13.840', 83.9288, 24.2747, '38994e8c-2bcb', 161),
('11:29:13.881', 89.5822, 11.3573, '38994e8c-2bcb', 161),
('11:29:14.879', 71.4977, 1.10121, '38994e8c-2bcb', 162),
('11:29:14.912', 74.174, 2.79134, '38994e8c-2bcb', 162),
('11:29:14.936', 75.1413, 5.57996, '38994e8c-2bcb', 162),
('11:29:14.984', 79.5667, 2.8588, '38994e8c-2bcb', 162),
('11:29:14.999', 83.4018, 0.295631, '38994e8c-2bcb', 162),
('11:29:15.270', 73.7747, 5.13094, '38994e8c-2bcb', 162),
('11:29:15.273', 73.6064, 10.0438, '38994e8c-2bcb', 162),
('11:29:15.319', 71.1982, 6.67106, '38994e8c-2bcb', 162),
('11:29:15.336', 69.2279, 3.60499, '38994e8c-2bcb', 162),
('11:29:15.384', 66.6376, 6.05948, '38994e8c-2bcb', 162),
('11:29:15.388', 70.0373, 8.47628, '38994e8c-2bcb', 162),
('11:29:15.441', 67.814, 7.89305, '38994e8c-2bcb', 162),
('11:29:15.445', 69.2423, 7.50346, '38994e8c-2bcb', 162),
('11:29:15.484', 62.2262, 22.9826, '38994e8c-2bcb', 162),
('11:29:15.515', 55.9477, 36.5053, '38994e8c-2bcb', 162),
('11:29:15.555', 50.1586, 48.6457, '38994e8c-2bcb', 162),
('11:29:15.559', 47.4665, 59.643, '38994e8c-2bcb', 162),
('11:29:15.612', 39.5439, 69.1649, '38994e8c-2bcb', 162),
('11:29:15.615', 33.3952, 75.6882, '38994e8c-2bcb', 162),
('11:29:15.659', 25.9633, 82.1696, '38994e8c-2bcb', 162),
('11:29:15.677', 22.035, 85.902, '38994e8c-2bcb', 162),
('11:29:15.720', 19.2561, 89.5432, '38994e8c-2bcb', 162),
('11:29:15.733', 19.0857, 89.3723, '38994e8c-2bcb', 162),
('11:29:15.773', 15.844, 90.0057, '38994e8c-2bcb', 162),
('11:29:15.789', 15.6812, 91.2659, '38994e8c-2bcb', 162),
('11:29:15.835', 15.7784, 88.3332, '38994e8c-2bcb', 162),
('11:29:15.849', 16.4116, 86.6877, '38994e8c-2bcb', 162),
('11:29:15.889', 14.0128, 87.7447, '38994e8c-2bcb', 162),
('11:29:15.904', 12.4496, 87.5486, '38994e8c-2bcb', 162),
('11:29:15.951', 12.4694, 88.5458, '38994e8c-2bcb', 162),
('11:29:15.973', 8.09984, 84.0352, '38994e8c-2bcb', 162),
('11:29:16.022', 9.15716, 85.9456, '38994e8c-2bcb', 162),
('11:29:16.036', 9.611, 87.2847, '38994e8c-2bcb', 162),
('11:29:16.083', 11.1077, 86.7302, '38994e8c-2bcb', 162),
('11:29:16.098', 15.4984, 83.544, '38994e8c-2bcb', 162),
('11:29:16.155', 19.485, 81.132, '38994e8c-2bcb', 162),
('11:29:16.158', 20.9649, 79.6568, '38994e8c-2bcb', 162),
('11:29:16.191', 22.5045, 75.2345, '38994e8c-2bcb', 162),
('11:29:16.227', 25.5333, 73.713, '38994e8c-2bcb', 162),
('11:29:16.268', 25.1707, 70.7784, '38994e8c-2bcb', 162),
('11:29:16.284', 24.735, 68.4102, '38994e8c-2bcb', 162),
('11:29:16.316', 30.2363, 68.847, '38994e8c-2bcb', 162),
('11:29:16.341', 34.8335, 69.3915, '38994e8c-2bcb', 162),
('11:29:16.376', 38.6121, 67.061, '38994e8c-2bcb', 162),
('11:29:16.392', 45.4174, 66.2557, '38994e8c-2bcb', 162),
('11:29:16.443', 51.1116, 64.6901, '38994e8c-2bcb', 162),
('11:29:16.460', 59.5595, 64.3916, '38994e8c-2bcb', 162),
('11:29:16.520', 62.377, 62.5646, '38994e8c-2bcb', 162),
('11:29:16.524', 64.8096, 60.3297, '38994e8c-2bcb', 162),
('11:29:16.563', 80.4625, 60.5875, '38994e8c-2bcb', 162),
('11:29:16.578', 92.3048, 61.7557, '38994e8c-2bcb', 162),
('11:29:16.913', 93.8107, 49.9555, '38994e8c-2bcb', 162),
('11:29:16.930', 84.6718, 50.9337, '38994e8c-2bcb', 162),
('11:29:16.995', 81.859, 47.692, '38994e8c-2bcb', 162),
('11:29:16.999', 77.4646, 46.3504, '38994e8c-2bcb', 162),
('11:29:17.030', 69.6281, 49.8905, '38994e8c-2bcb', 162),
('11:29:17.048', 66.6099, 53.1254, '38994e8c-2bcb', 162),
('11:29:17.098', 65.2441, 53.4262, '38994e8c-2bcb', 162),
('11:29:17.117', 64.5747, 53.5851, '38994e8c-2bcb', 162),
('11:29:17.164', 72.8646, 52.6198, '38994e8c-2bcb', 162),
('11:29:17.192', 79.4609, 54.0156, '38994e8c-2bcb', 162),
('11:29:17.252', 92.4043, 46.9945, '38994e8c-2bcb', 162),
('11:29:17.727', 93.6437, 50.5639, '38994e8c-2bcb', 162),
('11:29:17.741', 83.1952, 52.9755, '38994e8c-2bcb', 162),
('11:29:17.798', 73.143, 54.3923, '38994e8c-2bcb', 162),
('11:29:17.801', 61.0929, 56.2256, '38994e8c-2bcb', 162),
('11:29:17.848', 57.8312, 54.7886, '38994e8c-2bcb', 162),
('11:29:17.864', 52.0885, 53.5526, '38994e8c-2bcb', 162),
('11:29:17.904', 46.9031, 54.9911, '38994e8c-2bcb', 162),
('11:29:17.928', 48.9321, 57.6231, '38994e8c-2bcb', 162),
('11:29:17.984', 41.1386, 61.3112, '38994e8c-2bcb', 162),
('11:29:18.000', 35.0743, 65.1204, '38994e8c-2bcb', 162),
('11:29:18.036', 31.9244, 66.7496, '38994e8c-2bcb', 162),
('11:29:18.057', 28.7905, 67.6065, '38994e8c-2bcb', 162),
('11:29:18.082', 26.0976, 66.531, '38994e8c-2bcb', 162),
('11:29:18.095', 22.0146, 66.6023, '38994e8c-2bcb', 162),
('11:29:18.155', 23.2464, 67.9083, '38994e8c-2bcb', 162),
('11:29:18.159', 24.7812, 68.8975, '38994e8c-2bcb', 162),
('11:29:18.213', 27.6859, 68.1739, '38994e8c-2bcb', 162),
('11:29:18.217', 29.1936, 67.4362, '38994e8c-2bcb', 162),
('11:29:18.254', 30.1918, 68.2638, '38994e8c-2bcb', 162),
('11:29:18.286', 35.0325, 68.5287, '38994e8c-2bcb', 162),
('11:29:18.326', 42.8516, 69.111, '38994e8c-2bcb', 162),
('11:29:18.330', 42.5491, 69.9691, '38994e8c-2bcb', 162),
('11:29:18.390', 46.7219, 71.8614, '38994e8c-2bcb', 162),
('11:29:18.395', 47.325, 73.668, '38994e8c-2bcb', 162),
('11:29:18.437', 49.1706, 71.4873, '38994e8c-2bcb', 162),
('11:29:18.449', 50.5999, 69.5264, '38994e8c-2bcb', 162),
('11:29:18.507', 46.8675, 67.9655, '38994e8c-2bcb', 162),
('11:29:18.521', 48.31, 71.7453, '38994e8c-2bcb', 162),
('11:29:18.564', 47.9852, 75.1874, '38994e8c-2bcb', 162),
('11:29:18.577', 48.4342, 77.5829, '38994e8c-2bcb', 162),
('11:29:18.641', 47.268, 77.9181, '38994e8c-2bcb', 162),
('11:29:18.657', 42.7806, 79.6764, '38994e8c-2bcb', 162),
('11:29:18.680', 40.0798, 81.378, '38994e8c-2bcb', 162),
('11:29:18.713', 33.4999, 81.739, '38994e8c-2bcb', 162),
('11:29:18.755', 30.9344, 81.6971, '38994e8c-2bcb', 162),
('11:29:18.758', 27.4226, 83.3002, '38994e8c-2bcb', 162),
('11:29:18.795', 28.8478, 83.3877, '38994e8c-2bcb', 162),
('11:29:18.810', 28.0297, 83.6151, '38994e8c-2bcb', 162),
('11:29:18.867', 37.0075, 83.6571, '38994e8c-2bcb', 162),
('11:29:18.892', 39.5056, 79.2331, '38994e8c-2bcb', 162),
('11:29:18.923', 45.9452, 78.4374, '38994e8c-2bcb', 162),
('11:29:18.927', 56.6553, 77.8261, '38994e8c-2bcb', 162),
('11:29:18.980', 63.9929, 73.4369, '38994e8c-2bcb', 162),
('11:29:18.983', 73.7847, 69.3627, '38994e8c-2bcb', 162),
('11:29:19.023', 80.7576, 65.1993, '38994e8c-2bcb', 162),
('11:29:19.039', 87.5801, 61.2273, '38994e8c-2bcb', 162),
('11:29:19.080', 85.0085, 57.7852, '38994e8c-2bcb', 162),
('11:29:19.110', 90.0171, 55.2569, '38994e8c-2bcb', 162),
('11:29:19.158', 91.6027, 51.7679, '38994e8c-2bcb', 162),
('11:29:19.162', 90.9417, 51.3585, '38994e8c-2bcb', 162),
('11:29:19.223', 99.4018, 35.0286, '38994e8c-2bcb', 162),
('11:29:19.227', 95.9119, 23.7934, '38994e8c-2bcb', 162),
('11:29:20.347', 90.9235, 35.3633, '38994e8c-2bcb', 162),
('11:29:20.366', 71.0559, 53.2242, '38994e8c-2bcb', 162),
('11:29:20.406', 58.7092, 66.5599, '38994e8c-2bcb', 162),
('11:29:20.420', 44.7074, 78.0962, '38994e8c-2bcb', 162),
('11:29:20.486', 42.3848, 84.9769, '38994e8c-2bcb', 162),
('11:29:20.491', 44.5564, 89.9367, '38994e8c-2bcb', 162),
('11:29:20.518', 47.8455, 89.2533, '38994e8c-2bcb', 162),
('11:29:20.567', 51.4305, 90.1338, '38994e8c-2bcb', 162),
('11:29:20.583', 48.4017, 87.058, '38994e8c-2bcb', 162),
('11:29:20.600', 44.6383, 83.7626, '38994e8c-2bcb', 162),
('11:29:20.612', 41.8998, 80.4358, '38994e8c-2bcb', 162),
('11:29:20.655', 41.9147, 77.5375, '38994e8c-2bcb', 162),
('11:29:20.687', 43.4738, 74.319, '38994e8c-2bcb', 162),
('11:29:20.746', 47.8661, 28.2842, '38994e8c-2bcb', 163),
('11:29:20.777', 56.303, 18.88, '38994e8c-2bcb', 163),
('11:29:20.780', 63.567, 11.0349, '38994e8c-2bcb', 163),
('11:29:20.834', 70.7629, 3.56585, '38994e8c-2bcb', 163),
('11:29:20.953', 77.2322, 5.87129, '38994e8c-2bcb', 163),
('11:29:20.958', 79.602, 2.7039, '38994e8c-2bcb', 163),
('11:29:21.000', 78.9678, 7.39904, '38994e8c-2bcb', 163),
('11:29:21.037', 83.181, 9.21955, '38994e8c-2bcb', 163),
('11:29:21.041', 79.0644, 10.2731, '38994e8c-2bcb', 163),
('11:29:21.084', 75.448, 14.2039, '38994e8c-2bcb', 163),
('11:29:21.130', 81.2279, 15.2234, '38994e8c-2bcb', 163),
('11:29:21.133', 78.586, 14.7855, '38994e8c-2bcb', 163),
('11:29:21.178', 81.5701, 14.4521, '38994e8c-2bcb', 163),
('11:29:21.231', 81.9813, 13.9399, '38994e8c-2bcb', 163),
('11:29:21.235', 81.1474, 11.8411, '38994e8c-2bcb', 163),
('11:29:21.268', 80.8345, 10.2931, '38994e8c-2bcb', 163),
('11:29:21.317', 86.8934, 9.09587, '38994e8c-2bcb', 163),
('11:29:21.321', 84.1351, 9.62366, '38994e8c-2bcb', 163),
('11:29:21.368', 90.7135, 9.89364, '38994e8c-2bcb', 163),
('11:29:21.406', 96.5749, 10.4193, '38994e8c-2bcb', 163),
('11:29:21.409', 93.9755, 10.1629, '38994e8c-2bcb', 163),
('11:29:21.712', 97.8398, 9.46603, '38994e8c-2bcb', 163),
('11:29:21.717', 93.5143, 8.95819, '38994e8c-2bcb', 163),
('11:29:21.758', 86.3833, 8.39862, '38994e8c-2bcb', 163),
('11:29:21.799', 85.6376, 3.34405, '38994e8c-2bcb', 163),
('11:29:21.951', 79.9495, 3.12609, '38994e8c-2bcb', 163),
('11:29:21.957', 84.5458, 4.50249, '38994e8c-2bcb', 163),
('11:29:21.999', 60.0922, 15.7284, '38994e8c-2bcb', 163),
('11:29:22.038', 44.416, 24.0463, '38994e8c-2bcb', 163),
('11:29:22.042', 31.5495, 30.9061, '38994e8c-2bcb', 163),
('11:29:22.086', 28.9821, 32.5601, '38994e8c-2bcb', 163),
('11:29:22.129', 35.4284, 29.224, '38994e8c-2bcb', 163),
('11:29:22.133', 32.088, 30.9498, '38994e8c-2bcb', 163),
('11:29:22.195', 39.6382, 24.9384, '38994e8c-2bcb', 163),
('11:29:22.217', 42.9912, 21.262, '38994e8c-2bcb', 163),
('11:29:22.221', 44.5978, 22.1788, '38994e8c-2bcb', 163),
('11:29:22.275', 42.622, 19.9059, '38994e8c-2bcb', 163),
('11:29:22.303', 42.405, 19.5955, '38994e8c-2bcb', 163),
('11:29:22.306', 40.0981, 18.6256, '38994e8c-2bcb', 163),
('11:29:22.372', 37.5124, 17.3848, '38994e8c-2bcb', 163),
('11:29:22.389', 37.168, 16.7285, '38994e8c-2bcb', 163),
('11:29:22.392', 33.7514, 18.2144, '38994e8c-2bcb', 163),
('11:29:22.432', 31.5332, 19.2116, '38994e8c-2bcb', 163),
('11:29:22.471', 29.2841, 18.9607, '38994e8c-2bcb', 163),
('11:29:22.474', 31.9337, 18.0868, '38994e8c-2bcb', 163),
('11:29:22.534', 34.0709, 15.8881, '38994e8c-2bcb', 163),
('11:29:22.552', 32.4116, 17.035, '38994e8c-2bcb', 163),
('11:29:22.555', 29.1273, 18.2322, '38994e8c-2bcb', 163),
('11:29:22.597', 27.3651, 18.8449, '38994e8c-2bcb', 163),
('11:29:22.638', 21.8533, 21.137, '38994e8c-2bcb', 163),
('11:29:22.641', 17.593, 22.4463, '38994e8c-2bcb', 163),
('11:29:22.689', 13.5832, 24.5973, '38994e8c-2bcb', 163),
('11:29:22.732', 11.5407, 25.8488, '38994e8c-2bcb', 163),
('11:29:22.736', 7.54292, 29.4804, '38994e8c-2bcb', 163),
('11:29:22.794', 10.1897, 31.413, '38994e8c-2bcb', 163),
('11:29:22.835', 15.7681, 31.8547, '38994e8c-2bcb', 163),
('11:29:22.839', 22.4626, 31.3323, '38994e8c-2bcb', 163),
('11:29:22.863', 21.6365, 35.4067, '38994e8c-2bcb', 163),
('11:29:22.932', 24.9203, 38.9613, '38994e8c-2bcb', 163),
('11:29:22.936', 31.547, 40.1927, '38994e8c-2bcb', 163),
('11:29:22.981', 36.5629, 40.4994, '38994e8c-2bcb', 163),
('11:29:22.999', 43.3373, 39.8004, '38994e8c-2bcb', 163),
('11:29:23.003', 50.1767, 38.4984, '38994e8c-2bcb', 163),
('11:29:23.061', 54.1061, 35.1492, '38994e8c-2bcb', 163),
('11:29:23.083', 58.0651, 33.9584, '38994e8c-2bcb', 163),
('11:29:23.087', 59.8118, 34.1579, '38994e8c-2bcb', 163),
('11:29:23.132', 61.527, 31.619, '38994e8c-2bcb', 163),
('11:29:23.173', 65.7893, 28.4909, '38994e8c-2bcb', 163),
('11:29:23.178', 65.0145, 26.9619, '38994e8c-2bcb', 163),
('11:29:23.221', 71.9377, 25.9527, '38994e8c-2bcb', 163),
('11:29:23.265', 78.358, 25.969, '38994e8c-2bcb', 163),
('11:29:23.269', 83.6495, 27.0301, '38994e8c-2bcb', 163),
('11:29:23.336', 92.3569, 26.8203, '38994e8c-2bcb', 163),
('15:27:02.397', 20.8072, 42.4753, 'cd6a3b29-8319', 165),
('15:27:02.416', 28.6555, 35.5538, 'cd6a3b29-8319', 165),
('15:27:02.468', 35.3207, 29.474, 'cd6a3b29-8319', 165),
('15:27:02.490', 40.9033, 24.6006, 'cd6a3b29-8319', 165),
('15:27:02.524', 45.0455, 20.7185, 'cd6a3b29-8319', 165),
('15:27:02.571', 47.9358, 17.9269, 'cd6a3b29-8319', 165),
('15:27:02.605', 50.4684, 16.6006, 'cd6a3b29-8319', 165),
('15:27:02.648', 52.0724, 14.8452, 'cd6a3b29-8319', 165),
('15:27:02.691', 53.3812, 13.8707, 'cd6a3b29-8319', 165),
('15:27:02.737', 53.9356, 13.2037, 'cd6a3b29-8319', 165),
('15:27:02.787', 53.9629, 13.6838, 'cd6a3b29-8319', 165),
('15:27:02.836', 55.0538, 11.2219, 'cd6a3b29-8319', 165),
('15:27:02.891', 55.6319, 9.99922, 'cd6a3b29-8319', 165),
('15:27:02.922', 55.7902, 9.4513, 'cd6a3b29-8319', 165),
('15:27:02.945', 54.071, 7.71818, 'cd6a3b29-8319', 165),
('15:27:02.976', 53.5253, 7.48886, 'cd6a3b29-8319', 165),
('15:27:03.029', 52.1109, 6.60969, 'cd6a3b29-8319', 165),
('15:27:03.041', 51.1328, 5.91201, 'cd6a3b29-8319', 165),
('15:27:03.072', 49.5849, 5.80379, 'cd6a3b29-8319', 165),
('15:27:03.122', 49.6683, 7.04764, 'cd6a3b29-8319', 165),
('15:27:03.140', 49.3678, 8.37828, 'cd6a3b29-8319', 165),
('15:27:03.174', 48.6531, 10.1876, 'cd6a3b29-8319', 165),
('15:27:03.209', 49.4082, 9.99473, 'cd6a3b29-8319', 165),
('15:27:03.241', 49.2804, 9.99375, 'cd6a3b29-8319', 165),
('15:27:03.276', 50.8383, 13.5247, 'cd6a3b29-8319', 165),
('15:27:03.324', 51.396, 24.3888, 'cd6a3b29-8319', 165),
('15:27:03.355', 50.6306, 33.4923, 'cd6a3b29-8319', 165),
('15:27:03.373', 49.9517, 41.0016, 'cd6a3b29-8319', 165),
('15:27:03.406', 50.2895, 47.0885, 'cd6a3b29-8319', 165),
('15:27:03.441', 50.9047, 51.2395, 'cd6a3b29-8319', 165),
('15:27:03.495', 52.0753, 52.9752, 'cd6a3b29-8319', 165),
('15:27:03.508', 61.6643, 42.4013, 'cd6a3b29-8319', 165),
('15:27:03.573', 69.6641, 31.634, 'cd6a3b29-8319', 165),
('15:27:03.597', 76.4813, 27.6521, 'cd6a3b29-8319', 165),
('15:27:03.652', 83.2665, 21.6097, 'cd6a3b29-8319', 165),
('15:27:03.682', 85.7531, 18.7065, 'cd6a3b29-8319', 165),
('15:27:03.701', 87.321, 19.2646, 'cd6a3b29-8319', 165),
('15:27:03.741', 86.6729, 19.4725, 'cd6a3b29-8319', 165),
('15:27:03.805', 86.8333, 20.0992, 'cd6a3b29-8319', 165),
('15:27:03.825', 86.6676, 20.5579, 'cd6a3b29-8319', 165),
('15:27:03.858', 84.7417, 18.9116, 'cd6a3b29-8319', 165),
('15:27:03.892', 83.762, 16.9139, 'cd6a3b29-8319', 165),
('15:27:03.945', 83.8922, 13.8502, 'cd6a3b29-8319', 165),
('15:27:03.961', 85.0225, 10.4999, 'cd6a3b29-8319', 165),
('15:27:04.008', 85.4061, 7.46238, 'cd6a3b29-8319', 165),
('15:27:04.030', 85.0817, 5.35104, 'cd6a3b29-8319', 165),
('15:27:04.064', 83.0672, 5.3294, 'cd6a3b29-8319', 165),
('15:27:04.099', 81.2986, 5.3922, 'cd6a3b29-8319', 165),
('15:27:04.135', 82.082, 5.15582, 'cd6a3b29-8319', 165),
('15:27:04.170', 85.2746, 8.81232, 'cd6a3b29-8319', 165),
('15:27:04.207', 88.5292, 9.44361, 'cd6a3b29-8319', 165),
('15:27:04.259', 91.818, 8.38685, 'cd6a3b29-8319', 165),
('15:27:04.290', 94.1983, 7.59916, 'cd6a3b29-8319', 165),
('15:27:04.322', 95.4753, 7.18368, 'cd6a3b29-8319', 165),
('15:27:04.347', 98.5227, 4.48138, 'cd6a3b29-8319', 165),
('15:27:04.382', 98.4143, 3.14861, 'cd6a3b29-8319', 165),
('15:27:04.414', 99.9856, 2.20908, 'cd6a3b29-8319', 165),
('15:27:04.664', 99.6539, 19.0201, 'cd6a3b29-8319', 165),
('15:27:04.712', 97.2675, 20.5595, 'cd6a3b29-8319', 165),
('15:27:04.731', 93.1014, 24.1186, 'cd6a3b29-8319', 165),
('15:27:04.776', 90.485, 28.6739, 'cd6a3b29-8319', 165),
('15:27:04.822', 88.7396, 30.9301, 'cd6a3b29-8319', 165),
('15:27:04.832', 86.1887, 33.4781, 'cd6a3b29-8319', 165),
('15:27:04.865', 81.799, 38.4955, 'cd6a3b29-8319', 165),
('15:27:04.899', 75.9044, 43.9427, 'cd6a3b29-8319', 165),
('15:27:04.933', 70.685, 48.2411, 'cd6a3b29-8319', 165),
('15:27:04.967', 68.4579, 50.9703, 'cd6a3b29-8319', 165),
('15:27:05.035', 67.2954, 51.7953, 'cd6a3b29-8319', 165),
('15:27:05.063', 66.7016, 53.6302, 'cd6a3b29-8319', 165),
('15:27:05.082', 66.4783, 56.9606, 'cd6a3b29-8319', 165),
('15:27:05.130', 67.292, 64.5271, 'cd6a3b29-8319', 165),
('15:27:05.149', 68.3873, 68.5144, 'cd6a3b29-8319', 165),
('15:27:05.188', 70.4988, 74.4784, 'cd6a3b29-8319', 165),
('15:27:05.222', 71.7324, 74.6793, 'cd6a3b29-8319', 165),
('15:27:05.257', 67.1241, 81.3386, 'cd6a3b29-8319', 165),
('15:27:05.290', 56.318, 87.7686, 'cd6a3b29-8319', 165),
('15:27:05.356', 43.9506, 92.5034, 'cd6a3b29-8319', 165),
('15:27:05.378', 39.2527, 97.1854, 'cd6a3b29-8319', 165),
('15:27:05.588', 44.7542, 96.6666, 'cd6a3b29-8319', 165),
('15:27:05.631', 45.9576, 92.6225, 'cd6a3b29-8319', 165),
('15:27:05.695', 49.681, 88.1326, 'cd6a3b29-8319', 165),
('15:27:05.711', 53.0113, 84.7806, 'cd6a3b29-8319', 165),
('15:27:05.762', 51.3765, 84.0907, 'cd6a3b29-8319', 165),
('15:27:05.784', 49.9265, 83.5697, 'cd6a3b29-8319', 165),
('15:27:05.813', 48.5701, 82.8729, 'cd6a3b29-8319', 165),
('15:27:05.845', 47.2893, 82.6973, 'cd6a3b29-8319', 165),
('15:27:05.900', 46.4399, 82.6736, 'cd6a3b29-8319', 165),
('15:27:05.913', 46.628, 82.1669, 'cd6a3b29-8319', 165),
('15:27:05.945', 46.8324, 81.8107, 'cd6a3b29-8319', 165),
('15:27:05.989', 45.9606, 82.3367, 'cd6a3b29-8319', 165),
('15:27:06.033', 44.6282, 83.0335, 'cd6a3b29-8319', 165),
('15:27:06.083', 43.2751, 84.1436, 'cd6a3b29-8319', 165),
('15:27:06.123', 43.1732, 85.5859, 'cd6a3b29-8319', 165),
('15:27:06.154', 42.5378, 87.0005, 'cd6a3b29-8319', 165),
('15:27:06.199', 42.9663, 88.3399, 'cd6a3b29-8319', 165),
('15:27:06.263', 42.672, 89.0466, 'cd6a3b29-8319', 165),
('15:27:06.274', 42.2267, 88.7291, 'cd6a3b29-8319', 165),
('15:27:06.317', 41.7199, 88.5031, 'cd6a3b29-8319', 165),
('15:27:06.347', 40.2187, 87.952, 'cd6a3b29-8319', 165),
('15:27:06.397', 40.2061, 87.1353, 'cd6a3b29-8319', 165),
('15:27:06.431', 41.2029, 84.7504, 'cd6a3b29-8319', 165),
('15:27:06.463', 41.4536, 82.3802, 'cd6a3b29-8319', 165),
('15:27:06.500', 43.4112, 78.2629, 'cd6a3b29-8319', 165),
('15:27:06.544', 44.136, 73.5037, 'cd6a3b29-8319', 165),
('15:27:06.565', 44.3253, 69.9453, 'cd6a3b29-8319', 165),
('15:27:06.609', 42.592, 61.3435, 'cd6a3b29-8319', 165),
('15:27:06.648', 42.86, 50.5247, 'cd6a3b29-8319', 165),
('15:27:06.711', 44.6052, 45.0337, 'cd6a3b29-8319', 165),
('15:27:06.742', 44.4452, 36.3132, 'cd6a3b29-8319', 165),
('15:27:06.776', 45.8766, 28.8582, 'cd6a3b29-8319', 165),
('15:27:06.825', 47.0557, 19.0704, 'cd6a3b29-8319', 165),
('15:27:06.859', 47.7077, 15.546, 'cd6a3b29-8319', 165),
('15:27:06.880', 48.6869, 13.2256, 'cd6a3b29-8319', 165),
('15:27:06.913', 48.8783, 12.5124, 'cd6a3b29-8319', 165),
('15:27:06.969', 48.478, 11.4571, 'cd6a3b29-8319', 165),
('15:27:06.982', 49.5019, 11.4363, 'cd6a3b29-8319', 165),
('15:27:07.015', 49.5745, 11.3427, 'cd6a3b29-8319', 165),
('15:27:07.078', 49.222, 11.8812, 'cd6a3b29-8319', 165),
('15:27:07.087', 48.258, 12.5671, 'cd6a3b29-8319', 165),
('15:27:07.120', 48.8105, 13.4141, 'cd6a3b29-8319', 165),
('15:27:07.151', 49.5763, 13.9826, 'cd6a3b29-8319', 165),
('15:27:07.188', 50.6016, 14.5264, 'cd6a3b29-8319', 165),
('15:27:07.235', 50.9803, 14.6688, 'cd6a3b29-8319', 165),
('15:27:07.266', 50.9166, 13.7011, 'cd6a3b29-8319', 165),
('15:27:07.297', 52.5686, 13.2478, 'cd6a3b29-8319', 165),
('15:27:07.320', 53.0462, 12.2527, 'cd6a3b29-8319', 165),
('15:27:07.374', 54.2003, 9.76651, 'cd6a3b29-8319', 165),
('15:27:07.404', 54.6098, 10.1134, 'cd6a3b29-8319', 165),
('15:27:07.433', 54.1183, 9.41482, 'cd6a3b29-8319', 165),
('15:27:07.483', 54.2531, 9.74917, 'cd6a3b29-8319', 165),
('15:27:07.503', 54.3383, 9.48362, 'cd6a3b29-8319', 165),
('15:27:07.538', 55.1577, 9.61217, 'cd6a3b29-8319', 165),
('15:27:07.571', 54.96, 9.6343, 'cd6a3b29-8319', 165),
('15:27:07.622', 55.4327, 9.92654, 'cd6a3b29-8319', 165),
('15:27:07.652', 55.5766, 9.58492, 'cd6a3b29-8319', 165),
('15:27:07.674', 55.404, 9.50701, 'cd6a3b29-8319', 165),
('15:27:07.708', 53.6625, 9.78896, 'cd6a3b29-8319', 165),
('15:27:07.742', 53.219, 9.59388, 'cd6a3b29-8319', 165),
('15:27:07.776', 52.4719, 10.4486, 'cd6a3b29-8319', 165),
('15:27:07.809', 52.0561, 10.424, 'cd6a3b29-8319', 165),
('15:27:07.855', 51.0925, 10.0542, 'cd6a3b29-8319', 165),
('15:27:07.875', 50.9525, 11.0108, 'cd6a3b29-8319', 165),
('15:27:07.932', 51.2675, 10.9102, 'cd6a3b29-8319', 165),
('15:27:07.942', 59.6817, 14.4618, 'cd6a3b29-8319', 165),
('15:27:07.976', 64.5792, 21.7485, 'cd6a3b29-8319', 165),
('15:27:08.012', 65.9979, 28.7333, 'cd6a3b29-8319', 165),
('15:27:08.071', 69.4532, 29.7642, 'cd6a3b29-8319', 165),
('15:27:08.085', 74.7809, 31.8282, 'cd6a3b29-8319', 165),
('15:27:08.121', 79.8346, 25.7909, 'cd6a3b29-8319', 165),
('15:27:08.154', 85.7462, 21.8473, 'cd6a3b29-8319', 165),
('15:27:08.189', 90.885, 19.1967, 'cd6a3b29-8319', 165),
('15:27:08.229', 92.3139, 15.6144, 'cd6a3b29-8319', 165),
('15:27:08.263', 93.5584, 11.3148, 'cd6a3b29-8319', 165),
('15:27:08.298', 93.9793, 9.38509, 'cd6a3b29-8319', 165),
('15:27:08.336', 94.5742, 3.84145, 'cd6a3b29-8319', 165),
('15:27:08.370', 94.9481, 2.85719, 'cd6a3b29-8319', 165),
('15:27:08.408', 94.4301, 1.82659, 'cd6a3b29-8319', 165),
('15:27:08.478', 94.729, 1.57448, 'cd6a3b29-8319', 165),
('15:27:08.496', 94.6502, 5.07588, 'cd6a3b29-8319', 165),
('15:27:08.535', 85.0301, 12.3695, 'cd6a3b29-8319', 165),
('15:27:08.571', 81.1274, 15.4948, 'cd6a3b29-8319', 165),
('15:27:08.618', 84.8568, 15.2018, 'cd6a3b29-8319', 165),
('15:27:08.641', 86.9363, 8.40893, 'cd6a3b29-8319', 165),
('15:27:08.694', 90.4142, 2.3737, 'cd6a3b29-8319', 165),
('20:05:28.440', 15.8654, 67.3721, '71572c23-2d88', 160),
('20:05:37.206', 31.935, 41.635, '71572c23-2d88', 161),
('20:05:37.314', 51.469, 35.6799, '71572c23-2d88', 161),
('20:05:37.413', 58.1208, 27.6318, '71572c23-2d88', 161),
('20:05:37.508', 65.36, 23.81, '71572c23-2d88', 161),
('20:05:37.608', 70.273, 16.9445, '71572c23-2d88', 161),
('20:05:37.709', 71.6808, 10.4203, '71572c23-2d88', 161),
('20:05:37.825', 69.6378, 7.60084, '71572c23-2d88', 161),
('20:05:37.922', 66.6316, 11.072, '71572c23-2d88', 161),
('20:05:38.029', 66.6939, 18.0702, '71572c23-2d88', 161),
('20:05:38.154', 64.575, 27.0181, '71572c23-2d88', 161),
('20:05:38.188', 63.8186, 33.7018, '71572c23-2d88', 161),
('20:05:38.274', 62.9239, 39.0099, '71572c23-2d88', 161),
('20:05:38.355', 62.295, 40.7247, '71572c23-2d88', 161),
('20:05:38.444', 61.1057, 42.4062, '71572c23-2d88', 161),
('20:05:38.531', 58.1466, 45.7616, '71572c23-2d88', 161),
('20:05:38.624', 47.6451, 50.1829, '71572c23-2d88', 161),
('20:05:38.725', 46.0499, 49.7447, '71572c23-2d88', 161),
('20:05:38.788', 44.0743, 48.2506, '71572c23-2d88', 161),
('20:05:38.885', 41.0712, 46.9114, '71572c23-2d88', 161),
('20:05:38.960', 40.1149, 46.3036, '71572c23-2d88', 161),
('20:05:39.053', 34.5934, 44.3059, '71572c23-2d88', 161),
('20:05:39.131', 36.9722, 44.5266, '71572c23-2d88', 161),
('20:05:39.227', 40.9692, 45.2647, '71572c23-2d88', 161),
('20:05:39.310', 44.4275, 46.5223, '71572c23-2d88', 161),
('20:05:39.379', 46.6127, 48.1121, '71572c23-2d88', 161),
('20:05:39.474', 43.9234, 46.7008, '71572c23-2d88', 161),
('20:05:39.565', 47.9393, 41.2018, '71572c23-2d88', 161),
('20:05:39.659', 48.6167, 31.5685, '71572c23-2d88', 161),
('20:05:39.746', 54.0663, 26.1912, '71572c23-2d88', 161),
('20:05:39.844', 54.1718, 24.303, '71572c23-2d88', 161),
('20:05:39.946', 58.0692, 16.5591, '71572c23-2d88', 161),
('20:05:40.019', 59.7731, 10.4954, '71572c23-2d88', 161),
('20:05:40.980', 65.9863, 9.86839, '71572c23-2d88', 162),
('20:05:41.056', 61.4617, 16.3011, '71572c23-2d88', 162),
('20:05:41.139', 59.4308, 25.7534, '71572c23-2d88', 162),
('20:05:41.197', 60.3856, 32.0448, '71572c23-2d88', 162),
('20:05:41.281', 60.5685, 31.6397, '71572c23-2d88', 162),
('20:05:41.342', 59.9193, 44.4293, '71572c23-2d88', 162),
('20:05:41.425', 64.2334, 48.0824, '71572c23-2d88', 162),
('20:05:41.490', 65.6577, 55.4786, '71572c23-2d88', 162),
('20:05:41.573', 69.5824, 52.9656, '71572c23-2d88', 162),
('20:05:41.653', 72.2339, 48.5841, '71572c23-2d88', 162),
('20:05:41.719', 70.2978, 53.2158, '71572c23-2d88', 162),
('20:05:41.782', 68.5361, 56.7389, '71572c23-2d88', 162),
('20:05:41.884', 66.0188, 51.9727, '71572c23-2d88', 162),
('20:05:41.946', 63.8532, 47.4965, '71572c23-2d88', 162),
('20:05:42.031', 62.9361, 25.7164, '71572c23-2d88', 162),
('20:05:42.091', 65.4313, 8.72556, '71572c23-2d88', 162),
('20:05:42.578', 65.5007, 7.03186, '71572c23-2d88', 163),
('20:05:42.696', 63.6346, 8.11203, '71572c23-2d88', 163),
('20:05:42.700', 64.3086, 8.02285, '71572c23-2d88', 163),
('20:05:42.817', 68.5405, 8.54341, '71572c23-2d88', 163),
('20:05:42.942', 74.0416, 7.14065, '71572c23-2d88', 163),
('20:05:42.958', 72.4158, 7.23426, '71572c23-2d88', 163),
('20:05:43.025', 79.1312, 7.5937, '71572c23-2d88', 163),
('20:05:43.142', 81.9227, 11.8617, '71572c23-2d88', 163),
('20:05:43.146', 80.191, 10.9176, '71572c23-2d88', 163),
('20:05:43.234', 76.879, 17.0795, '71572c23-2d88', 163),
('20:05:43.370', 75.1945, 21.1146, '71572c23-2d88', 163),
('20:05:43.374', 77.1461, 24.1108, '71572c23-2d88', 163),
('20:05:43.450', 74.3736, 26.5491, '71572c23-2d88', 163),
('20:05:43.575', 74.7675, 27.485, '71572c23-2d88', 163),
('20:05:43.578', 74.9289, 27.098, '71572c23-2d88', 163),
('20:05:43.672', 74.7417, 28.0126, '71572c23-2d88', 163),
('20:05:43.793', 74.8454, 29.697, '71572c23-2d88', 163),
('20:05:43.797', 73.7894, 29.0746, '71572c23-2d88', 163),
('20:05:43.890', 70.8352, 35.9852, '71572c23-2d88', 163),
('20:05:44.034', 70.3613, 38.7628, '71572c23-2d88', 163),
('20:05:44.039', 71.6205, 37.0008, '71572c23-2d88', 163),
('20:05:44.111', 55.8703, 40.6434, '71572c23-2d88', 163),
('20:05:44.238', 43.0238, 41.8364, '71572c23-2d88', 163),
('20:05:44.267', 37.0763, 41.8433, '71572c23-2d88', 163),
('20:05:44.344', 41.3162, 37.3029, '71572c23-2d88', 163),
('20:05:44.484', 36.8322, 37.3956, '71572c23-2d88', 163),
('20:05:44.499', 39.946, 36.9503, '71572c23-2d88', 163),
('20:05:44.618', 23.2561, 31.7443, '71572c23-2d88', 163),
('20:05:44.764', 30.1887, 21.364, '71572c23-2d88', 163),
('20:05:44.767', 26.4249, 28.4201, '71572c23-2d88', 163),
('20:05:44.844', 30.5217, 17.4762, '71572c23-2d88', 163),
('20:05:44.960', 34.8475, 13.8739, '71572c23-2d88', 163),
('20:05:44.964', 32.5333, 15.8708, '71572c23-2d88', 163),
('20:05:45.063', 43.663, 15.2382, '71572c23-2d88', 163),
('20:05:45.201', 54.7768, 22.7568, '71572c23-2d88', 163),
('20:05:45.203', 48.9251, 18.6525, '71572c23-2d88', 163),
('20:05:45.310', 64.5677, 21.8768, '71572c23-2d88', 163),
('20:05:45.451', 73.0194, 23.0038, '71572c23-2d88', 163),
('20:05:45.455', 79.4131, 23.1418, '71572c23-2d88', 163),
('20:05:45.552', 84.7579, 19.9649, '71572c23-2d88', 163),
('20:05:45.710', 83.8556, 20.2267, '71572c23-2d88', 163),
('20:05:45.713', 82.4447, 21.1682, '71572c23-2d88', 163),
('20:05:45.805', 72.326, 26.1393, '71572c23-2d88', 163),
('20:05:45.931', 49.4785, 28.9596, '71572c23-2d88', 163),
('20:05:45.936', 59.7099, 28.684, '71572c23-2d88', 163),
('20:05:46.025', 45.3448, 27.1709, '71572c23-2d88', 163),
('20:05:46.146', 29.0935, 23.5592, '71572c23-2d88', 163),
('20:05:46.149', 34.0322, 24.9756, '71572c23-2d88', 163),
('20:05:46.239', 29.6669, 45.0184, '71572c23-2d88', 163),
('20:05:46.360', 34.1697, 43.7297, '71572c23-2d88', 163),
('20:05:46.364', 34.6108, 41.6848, '71572c23-2d88', 163),
('20:05:46.454', 33.1965, 61.7401, '71572c23-2d88', 163),
('20:05:46.602', 32.1605, 65.5848, '71572c23-2d88', 163),
('20:05:46.606', 32.9371, 62.7076, '71572c23-2d88', 163),
('20:05:46.671', 29.2384, 69.376, '71572c23-2d88', 163),
('20:05:46.764', 26.2625, 72.4564, '71572c23-2d88', 163),
('20:05:46.893', 27.2271, 97.4105, '71572c23-2d88', 163),
('20:05:46.897', 23.6592, 94.9897, '71572c23-2d88', 163),
('20:05:46.975', 25.5698, 87.6547, '71572c23-2d88', 163),
('20:05:47.135', 39.7262, 86.3017, '71572c23-2d88', 163),
('20:05:47.138', 32.9454, 85.2133, '71572c23-2d88', 163),
('20:05:47.218', 35.6369, 85.0785, '71572c23-2d88', 163),
('20:05:47.342', 33.4424, 87.6748, '71572c23-2d88', 163),
('20:05:47.473', 30.9138, 87.7906, '71572c23-2d88', 163),
('20:05:47.476', 32.0722, 87.7379, '71572c23-2d88', 163),
('20:05:47.582', 27.2141, 24.0372, '71572c23-2d88', 163),
('20:05:47.718', 24.5605, 15.858, '71572c23-2d88', 163),
('20:05:47.721', 26.1707, 20.1736, '71572c23-2d88', 163),
('20:05:47.802', 30.89, 12.4334, '71572c23-2d88', 163),
('20:05:47.930', 31.7038, 11.7779, '71572c23-2d88', 163),
('20:05:47.935', 26.864, 12.1721, '71572c23-2d88', 163),
('20:05:48.018', 45.8581, 8.05577, '71572c23-2d88', 163),
('20:05:48.182', 63.3019, 6.87879, '71572c23-2d88', 163),
('20:05:48.186', 77.039, 5.81342, '71572c23-2d88', 163),
('20:05:48.317', 92.5832, 3.35912, '71572c23-2d88', 163),
('20:05:48.515', 99.1021, 3.22949, '71572c23-2d88', 163),
('20:05:49.016', 95.4278, 4.89169, '71572c23-2d88', 163),
('20:05:49.106', 94.4357, 1.72768, '71572c23-2d88', 163),
('20:05:49.274', 82.1588, 2.04507, '71572c23-2d88', 163),
('20:05:49.277', 66.6283, 2.829, '71572c23-2d88', 163),
('20:09:15.755', 24.686, 87.7078, 'c11ad26c-7f78', 160),
('20:09:25.368', 34.5877, 41.8774, 'c11ad26c-7f78', 161),
('20:09:25.476', 38.2917, 36.8713, 'c11ad26c-7f78', 161),
('20:09:25.577', 38.6425, 29.8952, 'c11ad26c-7f78', 161),
('20:09:25.700', 44.5506, 27.538, 'c11ad26c-7f78', 161),
('20:09:25.819', 49.9855, 25.4365, 'c11ad26c-7f78', 161),
('20:09:25.912', 50.871, 21.3607, 'c11ad26c-7f78', 161),
('20:09:26.037', 54.4078, 20.7473, 'c11ad26c-7f78', 161),
('20:09:26.148', 57.6453, 20.5558, 'c11ad26c-7f78', 161),
('20:09:26.250', 61.2827, 18.4478, 'c11ad26c-7f78', 161),
('20:09:26.360', 63.4526, 19.7956, 'c11ad26c-7f78', 161),
('20:09:26.453', 64.688, 20.6584, 'c11ad26c-7f78', 161),
('20:09:26.558', 55.7808, 29.4938, 'c11ad26c-7f78', 161),
('20:09:26.660', 52.3225, 32.7101, 'c11ad26c-7f78', 161),
('20:09:26.763', 48.7532, 31.4948, 'c11ad26c-7f78', 161),
('20:09:26.882', 50.9241, 29.5265, 'c11ad26c-7f78', 161),
('20:09:26.987', 45.6075, 25.9222, 'c11ad26c-7f78', 161),
('20:09:27.108', 46.6402, 23.4652, 'c11ad26c-7f78', 161),
('20:09:27.216', 42.7873, 23.3331, 'c11ad26c-7f78', 161),
('20:09:27.311', 45.2955, 22.4055, 'c11ad26c-7f78', 161),
('20:09:27.403', 46.3235, 17.496, 'c11ad26c-7f78', 161),
('20:09:27.510', 49.703, 17.3143, 'c11ad26c-7f78', 161),
('20:09:27.610', 46.0882, 26.6284, 'c11ad26c-7f78', 161),
('20:09:27.731', 46.9429, 27.0059, 'c11ad26c-7f78', 161),
('20:09:27.817', 52.5034, 26.4305, 'c11ad26c-7f78', 161),
('20:09:27.934', 48.9275, 27.2338, 'c11ad26c-7f78', 161),
('20:09:28.027', 48.1198, 28.0674, 'c11ad26c-7f78', 161),
('20:09:28.128', 49.4811, 23.5893, 'c11ad26c-7f78', 161),
('20:09:28.232', 55.9249, 18.6804, 'c11ad26c-7f78', 161),
('20:09:28.341', 65.5166, 16.0365, 'c11ad26c-7f78', 161),
('20:09:28.478', 71.728, 11.9979, 'c11ad26c-7f78', 161),
('20:09:28.559', 77.8372, 17.2521, 'c11ad26c-7f78', 161),
('20:09:28.664', 79.7143, 22.7561, 'c11ad26c-7f78', 161),
('20:09:28.762', 82.8274, 29.6937, 'c11ad26c-7f78', 161),
('20:09:28.860', 86.4692, 27.5784, 'c11ad26c-7f78', 161),
('20:09:28.963', 90.8879, 24.9397, 'c11ad26c-7f78', 161),
('20:09:29.063', 96.4224, 20.5239, 'c11ad26c-7f78', 161),
('20:09:29.165', 96.1645, 18.1046, 'c11ad26c-7f78', 161),
('20:09:29.289', 85.3916, 18.6975, 'c11ad26c-7f78', 161),
('20:09:29.382', 78.7282, 21.4209, 'c11ad26c-7f78', 161),
('20:09:29.482', 65.6774, 22.0717, 'c11ad26c-7f78', 161),
('20:09:29.625', 62.4179, 32.9187, 'c11ad26c-7f78', 162),
('20:09:29.719', 59.4779, 30.6892, 'c11ad26c-7f78', 162),
('20:09:29.842', 59.9155, 28.2931, 'c11ad26c-7f78', 162),
('20:09:29.924', 58.1934, 25.1286, 'c11ad26c-7f78', 162),
('20:09:30.045', 54.1119, 25.8765, 'c11ad26c-7f78', 162),
('20:09:30.155', 46.3861, 27.7159, 'c11ad26c-7f78', 162),
('20:09:30.239', 50.4756, 25.4706, 'c11ad26c-7f78', 162),
('20:09:30.346', 52.9452, 26.6006, 'c11ad26c-7f78', 162),
('20:09:30.427', 56.5923, 30.9764, 'c11ad26c-7f78', 162),
('20:09:30.541', 58.5243, 34.7599, 'c11ad26c-7f78', 162),
('20:09:30.622', 61.7434, 31.627, 'c11ad26c-7f78', 162),
('20:09:30.736', 61.1245, 31.3709, 'c11ad26c-7f78', 162),
('20:09:30.819', 63.7801, 30.1336, 'c11ad26c-7f78', 162),
('20:09:30.931', 60.8349, 29.5966, 'c11ad26c-7f78', 162),
('20:09:31.013', 53.9393, 24.0901, 'c11ad26c-7f78', 162),
('20:09:31.144', 49.9474, 26.6319, 'c11ad26c-7f78', 162),
('20:09:31.229', 46.292, 25.7167, 'c11ad26c-7f78', 162),
('20:09:31.331', 41.3716, 25.8625, 'c11ad26c-7f78', 162),
('20:09:31.440', 50.0497, 22.9895, 'c11ad26c-7f78', 162),
('20:09:31.509', 63.3714, 16.9278, 'c11ad26c-7f78', 162),
('20:09:31.619', 77.5925, 12.0384, 'c11ad26c-7f78', 162),
('20:09:31.702', 87.0601, 6.35752, 'c11ad26c-7f78', 162),
('20:09:31.815', 99.2917, 8.26602, 'c11ad26c-7f78', 162),
('20:09:32.008', 95.0857, 9.20522, 'c11ad26c-7f78', 162),
('20:09:32.089', 89.7197, 14.2067, 'c11ad26c-7f78', 162),
('20:09:32.188', 73.8902, 16.8354, 'c11ad26c-7f78', 162),
('20:09:32.271', 60.0636, 19.9191, 'c11ad26c-7f78', 162),
('20:09:32.408', 55.8231, 19.2827, 'c11ad26c-7f78', 162),
('20:09:32.524', 48.1274, 35.2094, 'c11ad26c-7f78', 162),
('20:09:32.604', 38.4743, 36.3854, 'c11ad26c-7f78', 162),
('20:09:32.723', 39.1992, 32.1376, 'c11ad26c-7f78', 162),
('20:09:32.820', 40.6173, 30.6838, 'c11ad26c-7f78', 162),
('20:09:32.956', 40.2174, 28.6215, 'c11ad26c-7f78', 162),
('20:09:33.131', 43.0574, 24.3901, 'c11ad26c-7f78', 162),
('20:09:33.290', 49.2893, 22.6457, 'c11ad26c-7f78', 162),
('20:09:33.439', 43.3177, 31.6093, 'c11ad26c-7f78', 162),
('20:09:33.576', 43.0924, 31.9809, 'c11ad26c-7f78', 162),
('20:09:33.722', 42.9702, 31.0888, 'c11ad26c-7f78', 162),
('20:09:33.829', 43.1545, 37.0784, 'c11ad26c-7f78', 162),
('20:09:33.914', 45.4554, 39.1711, 'c11ad26c-7f78', 162),
('20:09:34.046', 43.4177, 42.2699, 'c11ad26c-7f78', 162),
('20:09:34.128', 40.2964, 49.4433, 'c11ad26c-7f78', 162),
('20:09:34.231', 38.5484, 48.4873, 'c11ad26c-7f78', 162),
('20:09:34.313', 37.1751, 47.3828, 'c11ad26c-7f78', 162),
('20:09:34.422', 37.0018, 47.7401, 'c11ad26c-7f78', 162),
('20:09:34.525', 36.984, 45.5526, 'c11ad26c-7f78', 162),
('20:09:34.638', 32.2423, 52.1789, 'c11ad26c-7f78', 162),
('20:09:34.756', 35.0893, 46.4539, 'c11ad26c-7f78', 162),
('20:09:34.842', 36.5125, 39.1237, 'c11ad26c-7f78', 162),
('20:09:34.972', 31.3704, 43.9995, 'c11ad26c-7f78', 162),
('20:09:35.056', 30.5267, 48.6476, 'c11ad26c-7f78', 162),
('20:09:35.157', 28.509, 53.2714, 'c11ad26c-7f78', 162),
('20:09:35.240', 27.9754, 56.7522, 'c11ad26c-7f78', 162),
('20:09:35.371', 25.9072, 63.0831, 'c11ad26c-7f78', 162),
('20:09:35.478', 17.9386, 79.7033, 'c11ad26c-7f78', 162),
('20:09:35.563', 16.1817, 89.1044, 'c11ad26c-7f78', 162),
('20:09:35.672', 20.0911, 83.9227, 'c11ad26c-7f78', 162),
('20:09:35.754', 24.0541, 82.8504, 'c11ad26c-7f78', 162),
('20:09:35.874', 27.0727, 71.4814, 'c11ad26c-7f78', 162),
('20:09:35.954', 31.5342, 58.4685, 'c11ad26c-7f78', 162),
('20:09:36.064', 31.7783, 45.4802, 'c11ad26c-7f78', 162),
('20:09:36.146', 23.8298, 47.1082, 'c11ad26c-7f78', 162),
('20:09:36.252', 35.3533, 48.6136, 'c11ad26c-7f78', 162),
('20:09:36.334', 44.9334, 53.8207, 'c11ad26c-7f78', 162),
('20:09:36.470', 51.1217, 58.4429, 'c11ad26c-7f78', 162),
('20:09:36.547', 55.7841, 68.5611, 'c11ad26c-7f78', 162),
('20:09:36.668', 80.5898, 62.0473, 'c11ad26c-7f78', 162),
('20:09:36.750', 91.4281, 55.4118, 'c11ad26c-7f78', 162),
('20:09:36.866', 96.7591, 52.041, 'c11ad26c-7f78', 162),
('20:09:37.389', 98.7267, 13.4668, 'c11ad26c-7f78', 162),
('20:09:37.466', 89.4334, 8.94414, 'c11ad26c-7f78', 162),
('20:09:37.568', 78.7926, 7.87608, 'c11ad26c-7f78', 162),
('20:09:37.663', 65.2426, 4.32528, 'c11ad26c-7f78', 162),
('20:09:37.747', 57.8259, 7.98454, 'c11ad26c-7f78', 162),
('20:09:37.891', 59.9214, 0.906717, 'c11ad26c-7f78', 163),
('20:09:38.051', 55.0381, 1.08012, 'c11ad26c-7f78', 163),
('20:09:38.331', 54.0527, 3.24393, 'c11ad26c-7f78', 163),
('20:09:38.460', 53.2887, 11.4143, 'c11ad26c-7f78', 163),
('20:09:38.649', 52.3193, 16.9017, 'c11ad26c-7f78', 163),
('20:09:38.655', 48.7214, 22.9682, 'c11ad26c-7f78', 163),
('20:09:38.767', 52.3241, 24.446, 'c11ad26c-7f78', 163),
('20:09:38.932', 52.8224, 25.7398, 'c11ad26c-7f78', 163),
('20:09:38.937', 53.0231, 28.1622, 'c11ad26c-7f78', 163),
('20:09:39.044', 60.626, 23.3131, 'c11ad26c-7f78', 163),
('20:09:39.217', 63.0078, 13.3911, 'c11ad26c-7f78', 163),
('20:09:39.222', 60.6321, 18.6194, 'c11ad26c-7f78', 163),
('20:09:39.300', 66.2244, 12.3633, 'c11ad26c-7f78', 163),
('20:09:39.426', 64.3284, 39.0723, 'c11ad26c-7f78', 163),
('20:09:39.617', 60.6339, 74.666, 'c11ad26c-7f78', 163),
('20:09:39.620', 56.2681, 74.624, 'c11ad26c-7f78', 163),
('20:09:39.713', 51.8857, 75.4211, 'c11ad26c-7f78', 163),
('20:09:39.842', 57.6116, 74.1331, 'c11ad26c-7f78', 163),
('20:09:40.014', 64.1574, 75.531, 'c11ad26c-7f78', 163),
('20:09:40.019', 61.2692, 74.7918, 'c11ad26c-7f78', 163),
('20:09:40.150', 62.8335, 69.6534, 'c11ad26c-7f78', 163),
('20:09:40.365', 62.502, 69.3612, 'c11ad26c-7f78', 163),
('20:09:40.381', 64.5326, 70.4618, 'c11ad26c-7f78', 163),
('20:09:40.506', 64.4353, 52.3578, 'c11ad26c-7f78', 163),
('20:09:40.675', 62.6039, 8.43606, 'c11ad26c-7f78', 163),
('20:09:40.680', 62.1222, 7.19715, 'c11ad26c-7f78', 163),
('20:09:40.784', 61.9017, 5.63498, 'c11ad26c-7f78', 163),
('20:09:40.967', 60.9357, 1.21191, 'c11ad26c-7f78', 163),
('20:09:40.971', 59.4619, 2.90161, 'c11ad26c-7f78', 163),
('20:09:41.078', 61.9371, 1.23152, 'c11ad26c-7f78', 163),
('20:09:42.999', 76.2057, 1.94067, 'c11ad26c-7f78', 163),
('20:11:56.421', 25.5253, 44.1233, 'b4b425c2-84ec', 165),
('20:11:56.536', 30.5869, 36.6337, 'b4b425c2-84ec', 165),
('20:11:56.663', 33.5407, 28.6445, 'b4b425c2-84ec', 165),
('20:11:56.751', 31.8172, 21.8979, 'b4b425c2-84ec', 165),
('20:11:56.882', 31.5607, 17.9944, 'b4b425c2-84ec', 165),
('20:11:56.960', 34.0994, 16.1681, 'b4b425c2-84ec', 165),
('20:11:57.082', 44.4214, 12.8373, 'b4b425c2-84ec', 165),
('20:11:57.176', 53.3074, 6.43313, 'b4b425c2-84ec', 165),
('20:11:57.280', 57.7311, 2.09632, 'b4b425c2-84ec', 165),
('20:11:57.402', 65.0783, 3.30808, 'b4b425c2-84ec', 165),
('20:11:57.515', 65.3444, 5.20682, 'b4b425c2-84ec', 165),
('20:11:57.616', 68.3417, 12.3844, 'b4b425c2-84ec', 165),
('20:11:57.720', 71.9269, 20.7068, 'b4b425c2-84ec', 165),
('20:11:57.831', 76.8623, 24.4952, 'b4b425c2-84ec', 165),
('20:11:57.955', 83.373, 23.937, 'b4b425c2-84ec', 165),
('20:11:58.085', 78.6132, 47.368, 'b4b425c2-84ec', 165),
('20:11:58.185', 73.142, 64.1761, 'b4b425c2-84ec', 165),
('20:11:58.304', 73.4241, 59.5472, 'b4b425c2-84ec', 165),
('20:11:58.403', 63.1851, 62.3112, 'b4b425c2-84ec', 165),
('20:11:58.514', 55.0493, 63.0661, 'b4b425c2-84ec', 165),
('20:11:58.608', 50.0978, 61.7195, 'b4b425c2-84ec', 165),
('20:11:58.717', 43.8693, 62.9326, 'b4b425c2-84ec', 165),
('20:11:58.825', 47.8948, 63.1894, 'b4b425c2-84ec', 165),
('20:11:58.938', 54.2087, 63.1855, 'b4b425c2-84ec', 165),
('20:11:59.057', 60.3821, 25.3009, 'b4b425c2-84ec', 165),
('20:11:59.163', 61.4308, 26.4487, 'b4b425c2-84ec', 165),
('20:11:59.272', 58.3021, 23.0864, 'b4b425c2-84ec', 165),
('20:11:59.383', 55.3686, 19.7719, 'b4b425c2-84ec', 165),
('20:11:59.505', 46.9032, 15.5248, 'b4b425c2-84ec', 165),
('20:11:59.620', 39.3582, 12.3448, 'b4b425c2-84ec', 165),
('20:11:59.717', 40.328, 11.6778, 'b4b425c2-84ec', 165),
('20:11:59.822', 30.5636, 10.9926, 'b4b425c2-84ec', 165),
('20:11:59.946', 30.7166, 13.5178, 'b4b425c2-84ec', 165),
('20:12:00.058', 31.7671, 14.04, 'b4b425c2-84ec', 165),
('20:12:00.163', 39.7827, 10.0316, 'b4b425c2-84ec', 165),
('20:12:00.269', 45.2887, 11.157, 'b4b425c2-84ec', 165),
('20:12:00.383', 49.5016, 12.0887, 'b4b425c2-84ec', 165),
('20:12:00.502', 60.3828, 13.0032, 'b4b425c2-84ec', 165),
('20:12:00.594', 63.8526, 15.1033, 'b4b425c2-84ec', 165),
('20:12:00.724', 70.1302, 14.2485, 'b4b425c2-84ec', 165),
('20:12:00.830', 75.1079, 15.723, 'b4b425c2-84ec', 165),
('20:12:00.921', 74.4943, 12.6182, 'b4b425c2-84ec', 165),
('20:12:01.057', 68.4625, 13.9729, 'b4b425c2-84ec', 165),
('20:12:01.164', 61.9398, 16.0693, 'b4b425c2-84ec', 165),
('20:12:01.267', 51.0859, 17.4114, 'b4b425c2-84ec', 165),
('20:12:01.383', 49.1855, 14.6837, 'b4b425c2-84ec', 165),
('20:12:01.508', 52.6497, 16.151, 'b4b425c2-84ec', 165),
('20:12:01.599', 65.4662, 15.0532, 'b4b425c2-84ec', 165),
('20:12:01.709', 74.9521, 12.9239, 'b4b425c2-84ec', 165),
('20:12:01.815', 79.8342, 8.79126, 'b4b425c2-84ec', 165),
('20:12:01.934', 84.0936, 7.03677, 'b4b425c2-84ec', 165),
('20:12:02.052', 77.8563, 4.18452, 'b4b425c2-84ec', 165),
('20:12:02.161', 77.7964, 3.31032, 'b4b425c2-84ec', 165),
('20:12:02.267', 78.1221, 1.3822, 'b4b425c2-84ec', 165),
('20:12:02.373', 74.2098, 3.17003, 'b4b425c2-84ec', 165),
('20:12:02.475', 66.1307, 4.21377, 'b4b425c2-84ec', 165),
('20:12:02.574', 57.9063, 7.07727, 'b4b425c2-84ec', 165),
('20:12:02.678', 49.6519, 9.88948, 'b4b425c2-84ec', 165),
('20:12:02.803', 40.3657, 10.3294, 'b4b425c2-84ec', 165),
('20:12:02.883', 34.1501, 11.1571, 'b4b425c2-84ec', 165),
('20:12:03.006', 29.2812, 14.6622, 'b4b425c2-84ec', 165),
('20:12:03.091', 25.6141, 16.8865, 'b4b425c2-84ec', 165),
('20:12:03.197', 25.9459, 16.8744, 'b4b425c2-84ec', 165),
('20:12:03.299', 26.1681, 21.15, 'b4b425c2-84ec', 165),
('20:12:03.410', 21.1618, 19.4598, 'b4b425c2-84ec', 165),
('20:12:03.516', 20.0494, 18.7224, 'b4b425c2-84ec', 165),
('20:12:03.625', 18.8522, 17.9869, 'b4b425c2-84ec', 165),
('20:12:03.727', 16.1404, 16.499, 'b4b425c2-84ec', 165),
('20:12:03.836', 18.1129, 16.7708, 'b4b425c2-84ec', 165),
('20:12:03.942', 20.6727, 17.4239, 'b4b425c2-84ec', 165),
('20:12:04.060', 19.435, 18.0082, 'b4b425c2-84ec', 165),
('20:12:04.153', 23.0368, 19.179, 'b4b425c2-84ec', 165),
('20:12:04.271', 22.8129, 19.0684, 'b4b425c2-84ec', 165),
('20:12:04.383', 21.6717, 19.0025, 'b4b425c2-84ec', 165),
('20:12:04.484', 21.6829, 19.5842, 'b4b425c2-84ec', 165),
('20:12:04.571', 22.9762, 15.8959, 'b4b425c2-84ec', 165),
('20:12:04.676', 22.2284, 19.2204, 'b4b425c2-84ec', 165),
('20:12:04.802', 24.9964, 22.3375, 'b4b425c2-84ec', 165),
('20:12:04.916', 29.7157, 24.8519, 'b4b425c2-84ec', 165),
('20:12:05.016', 31.6695, 24.7445, 'b4b425c2-84ec', 165),
('20:12:05.114', 34.47, 22.1687, 'b4b425c2-84ec', 165),
('20:12:05.225', 48.8598, 22.0801, 'b4b425c2-84ec', 165),
('20:12:05.329', 58.7536, 23.1977, 'b4b425c2-84ec', 165),
('20:12:05.437', 66.5412, 20.3104, 'b4b425c2-84ec', 165),
('20:12:05.555', 73.0778, 22.4593, 'b4b425c2-84ec', 165),
('20:12:05.662', 73.9649, 22.1333, 'b4b425c2-84ec', 165),
('20:12:05.778', 68.1511, 20.6306, 'b4b425c2-84ec', 165),
('20:12:05.889', 60.7413, 19.3113, 'b4b425c2-84ec', 165),
('20:12:06.023', 56.0577, 17.3145, 'b4b425c2-84ec', 165),
('20:12:06.110', 61.7877, 15.4671, 'b4b425c2-84ec', 165),
('20:12:06.230', 64.3317, 11.6615, 'b4b425c2-84ec', 165),
('20:12:06.332', 72.7366, 6.5526, 'b4b425c2-84ec', 165),
('20:12:06.440', 79.8769, 1.53589, 'b4b425c2-84ec', 165),
('20:12:06.547', 80.4571, 0.291021, 'b4b425c2-84ec', 165),
('20:12:06.658', 68.2316, 4.3947, 'b4b425c2-84ec', 165),
('20:12:06.761', 60.2193, 6.32047, 'b4b425c2-84ec', 165),
('20:12:06.866', 54.2422, 7.64637, 'b4b425c2-84ec', 165),
('20:20:04.900', 31.5566, 40.2719, '38678745-debb', 161),
('20:20:05.003', 39.4837, 31.5884, '38678745-debb', 161),
('20:20:05.109', 47.9313, 19.0199, '38678745-debb', 161),
('20:20:05.212', 55.3159, 15.424, '38678745-debb', 161),
('20:20:05.321', 65.4243, 9.76915, '38678745-debb', 161),
('20:20:05.426', 65.2527, 8.9223, '38678745-debb', 161),
('20:20:05.540', 60.188, 17.4695, '38678745-debb', 161),
('20:20:05.642', 58.1364, 23.3413, '38678745-debb', 161),
('20:20:05.749', 57.4513, 26.9381, '38678745-debb', 161),
('20:20:05.849', 63.7567, 28.7801, '38678745-debb', 161),
('20:20:05.953', 68.8517, 28.9814, '38678745-debb', 161),
('20:20:06.061', 68.1254, 29.3529, '38678745-debb', 161),
('20:20:06.165', 74.6656, 25.031, '38678745-debb', 161),
('20:20:06.272', 72.5944, 19.6264, '38678745-debb', 161),
('20:20:06.382', 76.8656, 17.1118, '38678745-debb', 161),
('20:20:06.493', 72.4502, 14.5644, '38678745-debb', 161),
('20:20:06.602', 70.6803, 11.2397, '38678745-debb', 161),
('20:20:06.709', 74.6372, 14.5071, '38678745-debb', 161),
('20:20:06.955', 80.7733, 13.4871, '38678745-debb', 161),
('20:20:07.056', 81.3727, 41.9494, '38678745-debb', 161),
('20:20:07.169', 79.3974, 70.5741, '38678745-debb', 161),
('20:20:07.276', 70.0811, 77.3424, '38678745-debb', 161),
('20:20:07.397', 62.3748, 86.885, '38678745-debb', 161),
('20:20:07.511', 59.7835, 55.7214, '38678745-debb', 161),
('20:20:07.615', 64.9065, 37.5685, '38678745-debb', 161),
('20:20:07.723', 66.5077, 29.5821, '38678745-debb', 161),
('20:20:07.826', 68.6364, 21.721, '38678745-debb', 161),
('20:20:07.950', 70.1479, 15.8996, '38678745-debb', 161),
('20:20:08.060', 74.541, 8.26265, '38678745-debb', 161),
('20:20:08.173', 83.0231, 6.39229, '38678745-debb', 161),
('20:20:08.291', 84.5387, 4.73217, '38678745-debb', 161),
('20:20:08.415', 89.1435, 3.05439, '38678745-debb', 161),
('20:20:08.641', 94.3514, 0.650294, '38678745-debb', 161),
('20:20:08.856', 92.3521, 0.0686503, '38678745-debb', 161),
('20:20:08.972', 85.5523, 1.45706, '38678745-debb', 161),
('20:20:09.089', 78.5159, 2.51695, '38678745-debb', 161),
('20:20:09.201', 72.275, 4.63943, '38678745-debb', 161),
('20:20:09.352', 66.568, 9.00468, '38678745-debb', 162),
('20:20:09.432', 62.8373, 13.7244, '38678745-debb', 162),
('20:20:09.564', 58.5543, 21.2005, '38678745-debb', 162),
('20:20:09.670', 55.4456, 24.342, '38678745-debb', 162),
('20:20:09.760', 55.2912, 32.3503, '38678745-debb', 162),
('20:20:09.875', 55.4733, 28.1219, '38678745-debb', 162),
('20:20:09.979', 59.2703, 26.4812, '38678745-debb', 162),
('20:20:10.110', 60.8655, 22.281, '38678745-debb', 162),
('20:20:10.208', 58.3606, 17.09, '38678745-debb', 162);
INSERT INTO `etdv_webgazer_data` (`instant`, `x`, `y`, `anonym_user_index`, `cod_page`) VALUES
('20:20:10.290', 61.3212, 8.57366, '38678745-debb', 162),
('20:20:10.406', 58.5129, 9.83272, '38678745-debb', 162),
('20:20:10.492', 57.2086, 10.6869, '38678745-debb', 162),
('20:20:10.601', 50.5445, 16.8364, '38678745-debb', 162),
('20:20:10.682', 50.5623, 20.6331, '38678745-debb', 162),
('20:20:10.809', 49.7475, 22.7613, '38678745-debb', 162),
('20:20:10.896', 45.4692, 25.1704, '38678745-debb', 162),
('20:20:11.025', 43.501, 31.4967, '38678745-debb', 162),
('20:20:11.157', 42.7281, 39.0504, '38678745-debb', 162),
('20:20:11.258', 38.8504, 42.1409, '38678745-debb', 162),
('20:20:11.340', 35.7576, 46.5801, '38678745-debb', 162),
('20:20:11.460', 32.6367, 58.3468, '38678745-debb', 162),
('20:20:11.547', 31.8789, 66.2454, '38678745-debb', 162),
('20:20:11.659', 27.6764, 67.5474, '38678745-debb', 162),
('20:20:11.743', 26.892, 68.2851, '38678745-debb', 162),
('20:20:11.863', 25.2154, 70.7266, '38678745-debb', 162),
('20:20:11.944', 24.1333, 67.8143, '38678745-debb', 162),
('20:20:12.055', 24.8945, 67.8701, '38678745-debb', 162),
('20:20:12.139', 28.0066, 69.6111, '38678745-debb', 162),
('20:20:12.252', 31.6061, 68.0416, '38678745-debb', 162),
('20:20:12.333', 32.3382, 72.1106, '38678745-debb', 162),
('20:20:12.443', 36.5217, 71.0561, '38678745-debb', 162),
('20:20:12.525', 35.7859, 70.8878, '38678745-debb', 162),
('20:20:12.641', 36.7783, 73.4658, '38678745-debb', 162),
('20:20:12.734', 37.3882, 68.8787, '38678745-debb', 162),
('20:20:12.849', 37.118, 71.1383, '38678745-debb', 162),
('20:20:12.932', 34.496, 71.2375, '38678745-debb', 162),
('20:20:13.057', 32.2907, 73.5802, '38678745-debb', 162),
('20:20:13.142', 33.3194, 74.5005, '38678745-debb', 162),
('20:20:13.252', 29.7214, 75.4932, '38678745-debb', 162),
('20:20:13.333', 26.1025, 76.0513, '38678745-debb', 162),
('20:20:13.442', 33.1224, 58.357, '38678745-debb', 162),
('20:20:13.524', 31.5658, 50.6218, '38678745-debb', 162),
('20:20:13.666', 38.6828, 39.1588, '38678745-debb', 162),
('20:20:13.764', 42.5172, 27.9668, '38678745-debb', 162),
('20:20:13.846', 51.7877, 17.1067, '38678745-debb', 162),
('20:20:13.956', 65.3576, 12.3382, '38678745-debb', 162),
('20:20:14.043', 65.2391, 7.38005, '38678745-debb', 162),
('20:20:14.159', 64.5785, 5.03884, '38678745-debb', 162),
('20:20:14.238', 67.0071, 3.23624, '38678745-debb', 162),
('20:20:14.357', 68.8279, 7.11766, '38678745-debb', 162),
('20:20:14.444', 75.0652, 4.52932, '38678745-debb', 162),
('20:20:14.561', 76.9465, 5.23708, '38678745-debb', 162),
('20:20:14.643', 79.1547, 7.3333, '38678745-debb', 162),
('20:20:14.751', 78.4263, 3.72383, '38678745-debb', 162),
('20:20:14.850', 76.2891, 0.46677, '38678745-debb', 162),
('20:20:14.937', 75.3502, 0.653217, '38678745-debb', 162),
('20:20:15.385', 70.8416, 1.47236, '38678745-debb', 163),
('20:20:15.544', 66.7743, 2.56893, '38678745-debb', 163),
('20:20:15.549', 58.9181, 3.2963, '38678745-debb', 163),
('20:20:15.664', 59.0593, 5.83183, '38678745-debb', 163),
('20:20:15.836', 57.0062, 8.48595, '38678745-debb', 163),
('20:20:15.841', 58.9746, 7.73213, '38678745-debb', 163),
('20:20:15.969', 56.7425, 10.7449, '38678745-debb', 163),
('20:20:16.146', 66.4809, 12.2767, '38678745-debb', 163),
('20:20:16.151', 61.5605, 12.242, '38678745-debb', 163),
('20:20:16.262', 66.7588, 13.2024, '38678745-debb', 163),
('20:20:16.429', 67.0159, 11.9874, '38678745-debb', 163),
('20:20:16.436', 66.9347, 10.6837, '38678745-debb', 163),
('20:20:16.560', 65.4732, 16.0447, '38678745-debb', 163),
('20:20:16.738', 66.7575, 19.9697, '38678745-debb', 163),
('20:20:16.743', 69.413, 21.8166, '38678745-debb', 163),
('20:20:16.904', 68.6192, 23.7688, '38678745-debb', 163),
('20:20:17.089', 66.1907, 70.4109, '38678745-debb', 163),
('20:20:17.093', 63.9747, 71.7604, '38678745-debb', 163),
('20:20:17.209', 59.2958, 88.0297, '38678745-debb', 163),
('20:20:17.411', 57.0361, 85.0969, '38678745-debb', 163),
('20:20:17.415', 55.226, 82.4688, '38678745-debb', 163),
('20:20:17.489', 50.7504, 79.7409, '38678745-debb', 163),
('20:20:17.651', 48.9578, 76.5026, '38678745-debb', 163),
('20:20:17.655', 48.8484, 72.8438, '38678745-debb', 163),
('20:20:17.786', 46.5695, 68.5129, '38678745-debb', 163),
('20:20:17.968', 54.8136, 5.98826, '38678745-debb', 163),
('20:20:17.974', 52.3636, 5.35751, '38678745-debb', 163),
('20:20:18.081', 60.0908, 7.6634, '38678745-debb', 163),
('20:20:18.265', 75.9604, 18.6329, '38678745-debb', 163),
('20:20:18.270', 68.51, 13.0521, '38678745-debb', 163),
('20:20:18.384', 73.7127, 17.8248, '38678745-debb', 163),
('20:20:18.564', 86.6299, 25.8127, '38678745-debb', 163),
('20:20:18.568', 83.0858, 24.5934, '38678745-debb', 163),
('20:20:18.679', 80.7901, 25.5895, '38678745-debb', 163),
('20:20:18.857', 83.7184, 21.3174, '38678745-debb', 163),
('20:20:18.862', 81.65, 16.3941, '38678745-debb', 163),
('20:20:18.983', 79.9104, 13.2402, '38678745-debb', 163),
('20:20:19.174', 70.58, 13.6873, '38678745-debb', 163),
('20:20:19.179', 62.2053, 14.1563, '38678745-debb', 163),
('20:20:19.292', 63.1666, 9.01587, '38678745-debb', 163),
('20:20:19.476', 56.7116, 1.48932, '38678745-debb', 163),
('20:20:20.196', 38.163, 6.90931, '38678745-debb', 163),
('20:29:18.880', 78.1364, 5.72057, 'facef771-c418', 161),
('20:29:18.987', 62.2248, 6.80511, 'facef771-c418', 161),
('20:29:19.099', 48.6988, 9.20482, 'facef771-c418', 161),
('20:29:19.216', 37.4605, 15.9498, 'facef771-c418', 161),
('20:29:19.326', 28.0945, 15.9019, 'facef771-c418', 161),
('20:29:19.444', 22.6213, 18.1869, 'facef771-c418', 161),
('20:29:19.556', 32.4695, 19.7532, 'facef771-c418', 161),
('20:29:19.667', 36.7093, 26.818, 'facef771-c418', 161),
('20:29:19.783', 28.182, 28.7992, 'facef771-c418', 161),
('20:29:19.896', 26.7799, 26.5956, 'facef771-c418', 161),
('20:29:20.012', 39.0719, 24.1351, 'facef771-c418', 161),
('20:29:20.123', 46.8103, 24.2861, 'facef771-c418', 161),
('20:29:20.211', 49.5188, 24.0999, 'facef771-c418', 161),
('20:29:20.361', 54.4543, 39.293, 'facef771-c418', 161),
('20:29:20.468', 57.28, 68.428, 'facef771-c418', 161),
('20:29:20.577', 56.0611, 67.4226, 'facef771-c418', 161),
('20:29:20.682', 52.6634, 72.4161, 'facef771-c418', 161),
('20:29:20.799', 50.5287, 72.4891, 'facef771-c418', 161),
('20:29:20.913', 49.8692, 32.0366, 'facef771-c418', 161),
('20:29:21.021', 55.4793, 29.9288, 'facef771-c418', 161),
('20:29:21.140', 68.0423, 28.6798, 'facef771-c418', 161),
('20:29:21.252', 78.6518, 23.0417, 'facef771-c418', 161),
('20:29:21.374', 85.7209, 16.9223, 'facef771-c418', 161),
('20:29:21.487', 89.6612, 16.8273, 'facef771-c418', 161),
('20:29:21.604', 94.2814, 15.3838, 'facef771-c418', 161),
('20:29:21.708', 94.1011, 7.72693, 'facef771-c418', 161),
('20:29:21.821', 95.269, 2.95209, 'facef771-c418', 161),
('20:29:22.319', 91.6072, 28.4005, 'facef771-c418', 162),
('20:29:22.403', 89.8898, 43.152, 'facef771-c418', 162),
('20:29:22.552', 91.817, 43.6278, 'facef771-c418', 162),
('20:29:22.635', 61.4716, 45.2869, 'facef771-c418', 162),
('20:29:22.718', 69.2472, 55.5864, 'facef771-c418', 162),
('20:29:22.831', 87.5254, 47.5575, 'facef771-c418', 162),
('20:29:22.912', 88.5429, 52.6747, 'facef771-c418', 162),
('20:29:23.023', 78.8654, 72.645, 'facef771-c418', 162),
('20:29:23.109', 74.6941, 68.7936, 'facef771-c418', 162),
('20:29:23.216', 69.8764, 67.7876, 'facef771-c418', 162),
('20:29:23.298', 68.5704, 68.179, 'facef771-c418', 162),
('20:29:23.441', 56.5918, 62.7047, 'facef771-c418', 162),
('20:29:23.557', 62.9651, 49.6254, 'facef771-c418', 162),
('20:29:23.649', 59.7058, 55.4162, 'facef771-c418', 162),
('20:29:23.774', 59.5444, 67.7849, 'facef771-c418', 162),
('20:29:23.858', 59.0756, 79.7641, 'facef771-c418', 162),
('20:29:23.990', 51.6508, 79.3304, 'facef771-c418', 162),
('20:29:24.106', 50.5422, 78.6533, 'facef771-c418', 162),
('20:29:24.190', 43.4853, 86.5522, 'facef771-c418', 162),
('20:29:24.322', 56.0393, 58.0464, 'facef771-c418', 162),
('20:29:24.423', 62.887, 52.5533, 'facef771-c418', 162),
('20:29:24.506', 57.8905, 37.989, 'facef771-c418', 162),
('20:29:24.625', 45.2377, 27.611, 'facef771-c418', 162),
('20:29:24.711', 37.3987, 19.0148, 'facef771-c418', 162),
('20:29:24.835', 27.4705, 27.9356, 'facef771-c418', 162),
('20:29:24.918', 15.8107, 29.5458, 'facef771-c418', 162),
('20:29:25.038', 21.1469, 30.7476, 'facef771-c418', 162),
('20:29:25.123', 23.1675, 35.4469, 'facef771-c418', 162),
('20:29:25.235', 28.5464, 33.888, 'facef771-c418', 162),
('20:29:25.321', 34.6736, 29.5146, 'facef771-c418', 162),
('20:29:25.432', 31.1602, 27.8605, 'facef771-c418', 162),
('20:29:25.513', 30.8235, 25.3225, 'facef771-c418', 162),
('20:29:25.633', 21.9089, 38.5161, 'facef771-c418', 162),
('20:29:25.738', 25.2379, 37.3728, 'facef771-c418', 162),
('20:29:25.829', 30.5759, 33.6784, 'facef771-c418', 162),
('20:29:25.951', 34.6686, 28.1145, 'facef771-c418', 162),
('20:29:26.036', 40.1138, 13.6229, 'facef771-c418', 162),
('20:29:26.157', 64.6637, 11.7704, 'facef771-c418', 162),
('20:29:26.240', 77.1176, 6.52867, 'facef771-c418', 162),
('20:29:26.355', 85.9653, 11.2083, 'facef771-c418', 162),
('20:29:26.436', 94.5816, 7.51728, 'facef771-c418', 162),
('20:29:27.136', 92.0397, 8.03435, 'facef771-c418', 162),
('20:29:27.229', 69.7235, 21.0547, 'facef771-c418', 162),
('20:29:27.372', 55.7112, 11.8472, 'facef771-c418', 163),
('20:29:27.540', 43.2517, 13.3197, 'facef771-c418', 163),
('20:29:27.561', 34.2163, 13.303, 'facef771-c418', 163),
('20:29:27.666', 32.1956, 11.6414, 'facef771-c418', 163),
('20:29:27.827', 25.1956, 13.5264, 'facef771-c418', 163),
('20:29:27.832', 19.7156, 14.3765, 'facef771-c418', 163),
('20:29:27.950', 14.4146, 13.1786, 'facef771-c418', 163),
('20:29:28.118', 4.73828, 11.4451, 'facef771-c418', 163),
('20:29:28.123', 6.51248, 13.3617, 'facef771-c418', 163),
('20:29:28.251', 16.1122, 12.2774, 'facef771-c418', 163),
('20:29:28.410', 49.7651, 11.5102, 'facef771-c418', 163),
('20:29:28.415', 33.0671, 11.6468, 'facef771-c418', 163),
('20:29:28.543', 62.907, 9.32252, 'facef771-c418', 163),
('20:29:28.732', 67.9431, 17.6897, 'facef771-c418', 163),
('20:29:28.760', 72.8716, 21.6764, 'facef771-c418', 163),
('20:29:28.856', 75.019, 25.7197, 'facef771-c418', 163),
('20:29:29.003', 65.1058, 27.6159, 'facef771-c418', 163),
('20:29:29.008', 69.6652, 26.5894, 'facef771-c418', 163),
('20:29:29.131', 62.3758, 24.1298, 'facef771-c418', 163),
('20:29:29.314', 56.7678, 63.9574, 'facef771-c418', 163),
('20:29:29.318', 58.1847, 65.5275, 'facef771-c418', 163),
('20:29:29.425', 57.1779, 67.352, 'facef771-c418', 163),
('20:29:29.603', 46.1588, 68.3969, 'facef771-c418', 163),
('20:29:29.607', 50.9885, 68.2127, 'facef771-c418', 163),
('20:29:29.714', 38.2855, 70.1742, 'facef771-c418', 163),
('20:29:29.895', 31.1484, 69.5593, 'facef771-c418', 163),
('20:29:29.900', 23.6295, 71.6063, 'facef771-c418', 163),
('20:29:29.983', 18.1965, 71.1561, 'facef771-c418', 163),
('20:29:30.107', 26.1837, 66.9966, 'facef771-c418', 163),
('20:29:30.271', 31.2539, 63.6431, 'facef771-c418', 163),
('20:29:30.276', 34.4285, 61.7129, 'facef771-c418', 163),
('20:29:30.401', 44.1494, 14.9853, 'facef771-c418', 163),
('20:29:30.580', 66.2109, 11.0263, 'facef771-c418', 163),
('20:29:30.585', 58.0929, 14.3452, 'facef771-c418', 163),
('20:29:30.696', 79.1892, 7.15176, 'facef771-c418', 163),
('20:29:30.880', 87.7591, 4.84746, 'facef771-c418', 163),
('20:29:30.885', 95.1179, 2.75246, 'facef771-c418', 163),
('20:29:31.476', 95.1872, 2.00607, 'facef771-c418', 163),
('20:29:31.601', 88.8086, 1.12259, 'facef771-c418', 163);

--
-- Indici per le tabelle scaricate
--

--
-- Indici per le tabelle `etdv_page`
--
ALTER TABLE `etdv_page`
  ADD PRIMARY KEY (`id`),
  ADD KEY `test-page` (`cod_test`);

--
-- Indici per le tabelle `etdv_test`
--
ALTER TABLE `etdv_test`
  ADD PRIMARY KEY (`id`),
  ADD KEY `user-test` (`cod_creator`);

--
-- Indici per le tabelle `etdv_user`
--
ALTER TABLE `etdv_user`
  ADD PRIMARY KEY (`id`);

--
-- Indici per le tabelle `etdv_webgazer_data`
--
ALTER TABLE `etdv_webgazer_data`
  ADD PRIMARY KEY (`instant`,`anonym_user_index`),
  ADD KEY `data-page` (`cod_page`);

--
-- AUTO_INCREMENT per le tabelle scaricate
--

--
-- AUTO_INCREMENT per la tabella `etdv_page`
--
ALTER TABLE `etdv_page`
  MODIFY `id` int(11) NOT NULL AUTO_INCREMENT, AUTO_INCREMENT=171;

--
-- AUTO_INCREMENT per la tabella `etdv_test`
--
ALTER TABLE `etdv_test`
  MODIFY `id` int(11) NOT NULL AUTO_INCREMENT, AUTO_INCREMENT=141;

--
-- AUTO_INCREMENT per la tabella `etdv_user`
--
ALTER TABLE `etdv_user`
  MODIFY `id` int(11) NOT NULL AUTO_INCREMENT, AUTO_INCREMENT=20;
COMMIT;

/*!40101 SET CHARACTER_SET_CLIENT=@OLD_CHARACTER_SET_CLIENT */;
/*!40101 SET CHARACTER_SET_RESULTS=@OLD_CHARACTER_SET_RESULTS */;
/*!40101 SET COLLATION_CONNECTION=@OLD_COLLATION_CONNECTION */;
